sku_id,warehouse_id,date,inventory_level,units_sold
SKU0098,WH038,2025-01-12,944,83
SKU0471,WH024,2025-02-04,325,64
SKU0086,WH019,2025-02-23,614,74
SKU0306,WH014,2025-01-24,250,80
SKU0273,WH042,2025-01-18,332,21
SKU0045,WH008,2025-01-15,270,79
SKU0498,WH016,2025-02-08,188,49
SKU0375,WH017,2025-01-18,322,33
SKU0002,WH008,2025-01-16,846,55
SKU0495,WH014,2025-01-15,820,63
SKU0437,WH005,2025-01-04,411,94
SKU0171,WH040,2025-02-17,400,98
SKU0444,WH004,2025-03-01,328,20
SKU0101,WH008,2025-03-01,327,25
SKU0055,WH041,2025-02-21,377,21
SKU0447,WH033,2025-01-06,529,63
SKU0272,WH014,2025-02-24,292,47
SKU0142,WH016,2025-02-23,634,45
SKU0048,WH034,2025-01-27,806,32
SKU0284,WH016,2025-01-23,109,48
SKU0082,WH030,2025-02-21,731,57
SKU0225,WH034,2025-02-18,735,46
SKU0058,WH019,2025-01-15,369,74
SKU0089,WH012,2025-02-13,260,47
SKU0460,WH005,2025-02-27,757,99
SKU0372,WH012,2025-01-31,594,78
SKU0212,WH006,2025-01-20,608,31
SKU0473,WH023,2025-02-26,529,62
SKU0164,WH007,2025-01-05,352,35
SKU0255,WH033,2025-02-05,158,43
SKU0033,WH039,2025-03-01,241,54
SKU0171,WH030,2025-01-18,637,15
SKU0371,WH048,2025-01-01,571,73
SKU0219,WH037,2025-01-30,709,39
SKU0146,WH037,2025-01-28,121,78
SKU0097,WH003,2025-01-24,987,17
SKU0203,WH015,2025-01-28,658,89
SKU0122,WH041,2025-01-09,406,93
SKU0079,WH045,2025-01-24,304,71
SKU0032,WH020,2025-02-05,795,98
SKU0183,WH043,2025-02-25,278,54
SKU0272,WH038,2025-01-28,315,98
SKU0207,WH017,2025-02-01,216,89
SKU0493,WH007,2025-01-29,874,59
SKU0302,WH017,2025-01-18,104,45
SKU0290,WH017,2025-01-15,182,10
SKU0435,WH009,2025-01-30,523,71
SKU0016,WH048,2025-01-30,908,39
SKU0373,WH038,2025-02-11,763,20
SKU0113,WH039,2025-01-11,253,90
SKU0132,WH042,2025-01-12,797,32
SKU0217,WH016,2025-02-22,380,26
SKU0486,WH046,2025-01-07,581,90
SKU0231,WH016,2025-02-19,926,64
SKU0358,WH045,2025-02-23,785,61
SKU0111,WH010,2025-01-19,242,45
SKU0316,WH038,2025-02-05,526,43
SKU0231,WH005,2025-01-07,890,46
SKU0410,WH043,2025-02-24,847,43
SKU0125,WH036,2025-02-06,591,69
SKU0415,WH010,2025-01-12,380,41
SKU0376,WH034,2025-01-19,970,93
SKU0073,WH014,2025-02-15,493,34
SKU0263,WH018,2025-02-09,536,92
SKU0232,WH009,2025-01-03,297,27
SKU0462,WH011,2025-02-08,245,81
SKU0068,WH043,2025-01-10,923,16
SKU0248,WH003,2025-02-21,308,31
SKU0063,WH027,2025-02-28,768,66
SKU0183,WH038,2025-02-22,805,89
SKU0308,WH029,2025-01-29,249,12
SKU0140,WH013,2025-02-20,901,62
SKU0446,WH036,2025-02-23,908,89
SKU0043,WH012,2025-02-01,217,84
SKU0371,WH013,2025-02-26,530,50
SKU0166,WH032,2025-02-10,745,60
SKU0257,WH044,2025-01-18,469,18
SKU0165,WH043,2025-01-28,112,49
SKU0001,WH040,2025-01-20,483,94
SKU0376,WH045,2025-01-15,224,45
SKU0089,WH047,2025-01-19,789,86
SKU0250,WH001,2025-01-14,830,58
SKU0264,WH016,2025-02-23,130,62
SKU0175,WH041,2025-02-10,930,52
SKU0500,WH038,2025-01-05,307,69
SKU0075,WH013,2025-01-12,479,57
SKU0238,WH027,2025-01-26,611,96
SKU0009,WH041,2025-01-18,938,15
SKU0133,WH047,2025-02-17,709,10
SKU0358,WH047,2025-02-12,593,96
SKU0472,WH021,2025-01-19,125,27
SKU0498,WH032,2025-02-09,273,91
SKU0061,WH008,2025-02-10,558,72
SKU0372,WH026,2025-01-11,541,42
SKU0339,WH019,2025-02-13,268,41
SKU0260,WH001,2025-01-07,355,40
SKU0047,WH042,2025-01-08,896,10
SKU0442,WH003,2025-01-27,787,92
SKU0473,WH021,2025-02-14,355,49
SKU0249,WH016,2025-02-13,332,31
SKU0142,WH008,2025-01-28,752,79
SKU0417,WH045,2025-01-18,700,54
SKU0061,WH039,2025-01-12,437,83
SKU0395,WH017,2025-02-04,145,53
SKU0017,WH045,2025-01-08,132,72
SKU0113,WH047,2025-02-22,491,59
SKU0380,WH048,2025-02-01,929,32
SKU0005,WH033,2025-02-14,171,100
SKU0187,WH041,2025-01-03,587,44
SKU0438,WH049,2025-02-07,598,18
SKU0257,WH022,2025-01-12,973,51
SKU0270,WH004,2025-02-05,253,87
SKU0381,WH006,2025-02-11,597,98
SKU0133,WH043,2025-02-24,252,24
SKU0329,WH049,2025-02-24,760,95
SKU0226,WH036,2025-02-04,606,56
SKU0013,WH003,2025-01-26,480,91
SKU0405,WH029,2025-02-26,505,67
SKU0265,WH038,2025-02-11,733,72
SKU0141,WH037,2025-02-23,328,86
SKU0408,WH046,2025-01-10,733,19
SKU0317,WH012,2025-03-01,654,23
SKU0085,WH002,2025-02-14,609,82
SKU0343,WH032,2025-02-19,1000,77
SKU0422,WH010,2025-01-07,855,57
SKU0050,WH020,2025-02-12,581,10
SKU0175,WH021,2025-01-19,699,74
SKU0491,WH008,2025-01-16,486,78
SKU0276,WH016,2025-01-08,739,93
SKU0405,WH016,2025-01-14,722,90
SKU0348,WH045,2025-01-31,567,43
SKU0263,WH009,2025-01-18,247,12
SKU0374,WH036,2025-02-10,965,66
SKU0350,WH017,2025-01-17,643,98
SKU0378,WH035,2025-01-26,583,50
SKU0282,WH033,2025-01-05,730,22
SKU0486,WH038,2025-01-11,385,10
SKU0069,WH027,2025-02-01,382,27
SKU0429,WH046,2025-02-22,446,15
SKU0041,WH027,2025-01-21,914,56
SKU0317,WH019,2025-01-26,131,70
SKU0452,WH002,2025-01-01,939,36
SKU0130,WH049,2025-02-17,716,88
SKU0118,WH034,2025-01-22,422,71
SKU0277,WH048,2025-03-01,348,44
SKU0095,WH015,2025-02-24,365,73
SKU0038,WH020,2025-02-22,848,20
SKU0307,WH026,2025-02-19,596,42
SKU0453,WH025,2025-01-19,190,75
SKU0149,WH026,2025-02-13,795,85
SKU0460,WH015,2025-02-08,162,83
SKU0359,WH033,2025-03-02,291,73
SKU0462,WH029,2025-01-25,233,95
SKU0046,WH031,2025-02-18,355,63
SKU0276,WH034,2025-01-23,480,19
SKU0130,WH018,2025-01-30,924,24
SKU0371,WH018,2025-02-17,758,15
SKU0003,WH003,2025-01-25,434,88
SKU0304,WH031,2025-01-05,115,60
SKU0446,WH038,2025-02-03,292,72
SKU0377,WH006,2025-02-14,632,71
SKU0487,WH049,2025-02-24,300,22
SKU0079,WH023,2025-02-22,280,67
SKU0141,WH038,2025-02-19,271,39
SKU0476,WH026,2025-02-18,171,83
SKU0436,WH026,2025-01-11,593,22
SKU0349,WH045,2025-01-18,144,20
SKU0473,WH040,2025-01-05,224,61
SKU0034,WH047,2025-01-05,405,20
SKU0110,WH010,2025-01-04,809,89
SKU0309,WH028,2025-02-10,610,28
SKU0141,WH032,2025-02-07,473,55
SKU0211,WH013,2025-01-14,553,26
SKU0145,WH016,2025-01-26,629,52
SKU0097,WH010,2025-02-20,181,97
SKU0241,WH036,2025-01-08,945,26
SKU0214,WH008,2025-01-14,873,75
SKU0403,WH030,2025-01-14,736,100
SKU0182,WH001,2025-01-10,629,76
SKU0030,WH026,2025-01-31,523,16
SKU0137,WH015,2025-02-06,671,91
SKU0360,WH038,2025-01-28,542,51
SKU0286,WH024,2025-02-20,927,100
SKU0110,WH032,2025-03-01,105,64
SKU0273,WH050,2025-03-02,402,77
SKU0001,WH005,2025-02-20,846,58
SKU0223,WH003,2025-02-05,960,47
SKU0005,WH009,2025-02-13,614,62
SKU0300,WH034,2025-02-23,493,51
SKU0302,WH044,2025-02-23,529,42
SKU0044,WH040,2025-01-19,231,18
SKU0406,WH020,2025-01-12,503,77
SKU0232,WH047,2025-01-09,867,20
SKU0362,WH012,2025-02-05,577,33
SKU0238,WH011,2025-01-16,235,53
SKU0059,WH022,2025-02-09,933,86
SKU0095,WH043,2025-01-12,107,11
SKU0412,WH026,2025-01-17,751,23
SKU0344,WH003,2025-01-05,939,70
SKU0367,WH012,2025-01-07,322,75
SKU0480,WH040,2025-02-14,857,15
SKU0040,WH041,2025-02-14,598,34
SKU0078,WH001,2025-02-27,238,99
SKU0323,WH035,2025-01-31,831,99
SKU0073,WH012,2025-01-24,615,64
SKU0213,WH006,2025-01-27,522,27
SKU0192,WH033,2025-01-02,580,18
SKU0387,WH015,2025-02-12,588,29
SKU0198,WH028,2025-01-26,400,35
SKU0081,WH017,2025-02-11,946,76
SKU0225,WH009,2025-02-03,982,36
SKU0128,WH032,2025-01-07,540,86
SKU0494,WH029,2025-02-08,250,84
SKU0466,WH012,2025-02-07,499,48
SKU0208,WH010,2025-02-21,744,90
SKU0095,WH016,2025-01-22,241,95
SKU0415,WH031,2025-02-20,444,62
SKU0307,WH011,2025-02-07,583,18
SKU0129,WH016,2025-02-19,778,85
SKU0337,WH016,2025-03-02,804,96
SKU0050,WH023,2025-01-30,756,61
SKU0208,WH010,2025-02-09,486,82
SKU0402,WH050,2025-01-18,699,35
SKU0062,WH041,2025-02-01,405,33
SKU0108,WH005,2025-01-25,169,33
SKU0319,WH044,2025-02-24,332,17
SKU0477,WH037,2025-01-31,251,70
SKU0347,WH011,2025-01-04,652,100
SKU0199,WH024,2025-02-05,873,60
SKU0325,WH022,2025-01-03,169,10
SKU0055,WH025,2025-01-28,500,19
SKU0367,WH003,2025-02-09,304,30
SKU0016,WH024,2025-01-27,378,99
SKU0407,WH040,2025-01-22,819,96
SKU0393,WH002,2025-01-25,408,90
SKU0019,WH036,2025-02-23,473,14
SKU0219,WH022,2025-02-09,498,43
SKU0408,WH041,2025-02-05,470,50
SKU0291,WH009,2025-01-26,610,46
SKU0341,WH039,2025-02-02,837,51
SKU0451,WH042,2025-01-24,704,16
SKU0481,WH045,2025-01-27,694,77
SKU0211,WH009,2025-02-02,181,95
SKU0179,WH026,2025-02-06,533,59
SKU0104,WH005,2025-01-15,841,76
SKU0071,WH034,2025-01-04,136,64
SKU0497,WH007,2025-01-12,809,69
SKU0059,WH047,2025-02-25,204,50
SKU0262,WH012,2025-02-09,737,21
SKU0224,WH025,2025-01-26,728,61
SKU0083,WH015,2025-01-31,784,100
SKU0412,WH008,2025-01-31,728,12
SKU0021,WH028,2025-01-17,314,94
SKU0150,WH026,2025-01-07,953,61
SKU0482,WH018,2025-02-28,313,78
SKU0195,WH036,2025-02-11,985,80
SKU0271,WH016,2025-01-01,543,96
SKU0005,WH037,2025-01-30,617,26
SKU0481,WH026,2025-02-17,688,27
SKU0343,WH037,2025-02-13,655,88
SKU0068,WH044,2025-01-16,340,73
SKU0447,WH008,2025-01-19,704,16
SKU0482,WH013,2025-02-25,237,97
SKU0499,WH038,2025-01-27,900,43
SKU0163,WH035,2025-01-08,277,90
SKU0122,WH006,2025-01-13,499,82
SKU0119,WH050,2025-02-17,705,70
SKU0122,WH016,2025-01-11,726,34
SKU0432,WH013,2025-01-18,732,41
SKU0257,WH037,2025-01-07,536,66
SKU0075,WH049,2025-01-03,407,74
SKU0392,WH019,2025-02-15,969,33
SKU0481,WH033,2025-01-26,108,92
SKU0056,WH033,2025-01-10,625,58
SKU0002,WH044,2025-02-07,714,12
SKU0485,WH012,2025-02-10,877,52
SKU0049,WH001,2025-02-12,899,83
SKU0188,WH007,2025-02-10,675,97
SKU0362,WH044,2025-02-18,667,44
SKU0206,WH021,2025-03-02,160,88
SKU0408,WH026,2025-02-17,677,79
SKU0314,WH040,2025-01-20,944,76
SKU0041,WH030,2025-01-24,192,83
SKU0497,WH043,2025-01-18,791,53
SKU0329,WH041,2025-01-05,352,62
SKU0485,WH011,2025-02-21,856,52
SKU0147,WH013,2025-02-20,581,89
SKU0160,WH042,2025-02-15,679,65
SKU0343,WH041,2025-02-08,236,15
SKU0164,WH012,2025-02-18,594,45
SKU0207,WH031,2025-01-31,248,84
SKU0212,WH005,2025-01-11,946,88
SKU0240,WH045,2025-03-01,484,37
SKU0018,WH007,2025-01-25,968,26
SKU0138,WH048,2025-01-04,155,38
SKU0468,WH032,2025-02-28,630,13
SKU0054,WH046,2025-01-27,864,82
SKU0416,WH030,2025-02-02,567,34
SKU0244,WH043,2025-01-31,112,38
SKU0172,WH004,2025-02-28,180,57
SKU0481,WH035,2025-01-06,378,84
SKU0454,WH020,2025-02-03,150,83
SKU0264,WH005,2025-02-24,967,73
SKU0387,WH030,2025-02-15,643,84
SKU0058,WH042,2025-01-03,833,37
SKU0434,WH016,2025-01-24,552,19
SKU0267,WH037,2025-01-26,727,18
SKU0257,WH035,2025-02-15,329,34
SKU0101,WH023,2025-01-15,408,52
SKU0368,WH036,2025-01-03,278,85
SKU0494,WH027,2025-01-19,526,27
SKU0183,WH047,2025-01-01,909,10
SKU0131,WH023,2025-01-15,489,38
SKU0419,WH012,2025-02-15,203,99
SKU0125,WH034,2025-01-10,750,32
SKU0334,WH006,2025-01-20,913,30
SKU0478,WH037,2025-01-20,344,18
SKU0020,WH003,2025-01-02,191,91
SKU0456,WH016,2025-01-22,923,74
SKU0007,WH002,2025-01-28,794,41
SKU0297,WH028,2025-01-27,397,31
SKU0378,WH006,2025-01-30,879,79
SKU0008,WH027,2025-02-17,822,81
SKU0227,WH040,2025-01-15,951,49
SKU0401,WH011,2025-02-07,990,16
SKU0408,WH036,2025-02-10,818,55
SKU0186,WH049,2025-02-24,988,85
SKU0136,WH004,2025-01-09,135,32
SKU0008,WH008,2025-01-04,573,47
SKU0105,WH014,2025-01-30,896,80
SKU0043,WH010,2025-02-24,838,13
SKU0303,WH002,2025-01-20,101,37
SKU0274,WH016,2025-02-04,577,41
SKU0051,WH026,2025-01-14,506,52
SKU0140,WH025,2025-03-02,911,28
SKU0333,WH026,2025-01-05,292,57
SKU0139,WH047,2025-02-18,784,47
SKU0360,WH004,2025-01-08,732,32
SKU0057,WH026,2025-01-22,404,60
SKU0419,WH036,2025-01-23,452,79
SKU0214,WH029,2025-01-10,927,13
SKU0366,WH017,2025-02-23,256,16
SKU0218,WH013,2025-02-14,902,34
SKU0192,WH042,2025-01-02,204,69
SKU0273,WH010,2025-01-25,591,58
SKU0404,WH026,2025-02-20,238,66
SKU0093,WH037,2025-02-04,637,50
SKU0386,WH012,2025-02-18,445,67
SKU0037,WH035,2025-01-30,331,31
SKU0261,WH035,2025-01-23,787,76
SKU0071,WH031,2025-02-25,768,59
SKU0499,WH021,2025-02-13,482,63
SKU0436,WH030,2025-02-04,474,98
SKU0009,WH001,2025-01-28,532,23
SKU0118,WH028,2025-02-02,325,54
SKU0414,WH039,2025-01-07,982,59
SKU0291,WH038,2025-01-10,519,20
SKU0256,WH027,2025-02-08,842,70
SKU0250,WH036,2025-01-08,131,68
SKU0213,WH024,2025-02-19,516,17
SKU0111,WH014,2025-02-24,347,14
SKU0399,WH027,2025-01-09,671,62
SKU0493,WH020,2025-01-19,336,76
SKU0435,WH021,2025-02-10,829,48
SKU0221,WH008,2025-01-13,797,95
SKU0035,WH002,2025-02-13,422,54
SKU0024,WH049,2025-01-17,505,41
SKU0313,WH013,2025-02-15,559,24
SKU0296,WH042,2025-01-21,280,72
SKU0307,WH022,2025-02-02,371,100
SKU0164,WH034,2025-01-18,323,72
SKU0386,WH040,2025-01-02,599,75
SKU0180,WH016,2025-01-12,517,30
SKU0465,WH029,2025-01-16,705,90
SKU0054,WH013,2025-02-17,922,86
SKU0013,WH037,2025-02-09,126,72
SKU0260,WH019,2025-01-25,784,94
SKU0109,WH037,2025-02-09,170,36
SKU0014,WH029,2025-01-06,222,27
SKU0392,WH024,2025-01-12,322,39
SKU0211,WH017,2025-01-20,892,18
SKU0157,WH049,2025-01-19,554,50
SKU0103,WH048,2025-02-19,889,30
SKU0131,WH009,2025-01-28,843,100
SKU0111,WH010,2025-01-24,359,22
SKU0380,WH034,2025-01-26,315,32
SKU0418,WH009,2025-01-24,703,54
SKU0216,WH019,2025-02-14,922,71
SKU0340,WH018,2025-02-01,885,90
SKU0100,WH038,2025-02-28,566,60
SKU0144,WH027,2025-01-14,235,54
SKU0062,WH031,2025-01-09,716,19
SKU0253,WH043,2025-01-01,290,70
SKU0092,WH002,2025-02-02,247,44
SKU0210,WH029,2025-02-20,306,21
SKU0317,WH035,2025-01-09,728,95
SKU0025,WH018,2025-02-10,858,36
SKU0147,WH001,2025-02-18,617,19
SKU0235,WH047,2025-02-12,111,69
SKU0179,WH039,2025-02-27,662,77
SKU0118,WH024,2025-01-12,696,68
SKU0058,WH032,2025-02-11,785,77
SKU0183,WH009,2025-01-15,504,28
SKU0016,WH011,2025-02-14,259,27
SKU0185,WH011,2025-01-07,529,60
SKU0183,WH011,2025-02-25,993,87
SKU0431,WH029,2025-01-01,221,36
SKU0446,WH032,2025-02-24,381,12
SKU0090,WH043,2025-02-04,764,47
SKU0483,WH001,2025-02-02,711,79
SKU0434,WH035,2025-01-25,635,86
SKU0064,WH019,2025-02-15,580,47
SKU0296,WH029,2025-03-02,407,90
SKU0255,WH039,2025-02-18,929,17
SKU0280,WH029,2025-01-04,527,23
SKU0388,WH032,2025-02-22,497,24
SKU0302,WH003,2025-01-19,892,66
SKU0223,WH036,2025-01-29,651,54
SKU0020,WH043,2025-01-09,436,65
SKU0475,WH046,2025-01-04,343,47
SKU0030,WH030,2025-02-11,950,12
SKU0217,WH043,2025-02-10,218,11
SKU0385,WH001,2025-02-12,472,53
SKU0156,WH016,2025-01-31,261,42
SKU0070,WH038,2025-02-12,465,95
SKU0169,WH029,2025-02-27,942,86
SKU0095,WH024,2025-01-27,695,55
SKU0221,WH042,2025-02-04,326,65
SKU0192,WH046,2025-01-31,861,99
SKU0116,WH015,2025-01-20,263,52
SKU0310,WH038,2025-01-21,580,11
SKU0364,WH001,2025-02-22,331,25
SKU0053,WH035,2025-01-09,330,72
SKU0007,WH026,2025-01-22,131,29
SKU0484,WH010,2025-02-07,167,27
SKU0043,WH002,2025-01-06,497,86
SKU0320,WH048,2025-02-19,390,41
SKU0173,WH008,2025-02-11,713,20
SKU0331,WH030,2025-01-16,800,60
SKU0415,WH019,2025-01-25,737,10
SKU0439,WH016,2025-02-27,701,86
SKU0368,WH046,2025-01-16,528,91
SKU0447,WH024,2025-01-22,739,54
SKU0347,WH021,2025-01-18,653,70
SKU0264,WH002,2025-01-26,550,71
SKU0332,WH028,2025-01-14,461,79
SKU0418,WH040,2025-01-14,851,48
SKU0085,WH034,2025-01-15,299,88
SKU0053,WH037,2025-01-21,172,29
SKU0408,WH037,2025-02-05,932,92
SKU0237,WH017,2025-02-04,527,72
SKU0372,WH046,2025-02-03,100,17
SKU0363,WH016,2025-01-23,790,45
SKU0466,WH049,2025-01-24,598,63
SKU0203,WH048,2025-02-08,138,69
SKU0438,WH047,2025-02-18,200,79
SKU0297,WH042,2025-02-14,450,64
SKU0047,WH017,2025-01-25,154,87
SKU0198,WH033,2025-02-08,173,55
SKU0480,WH042,2025-01-05,705,63
SKU0294,WH031,2025-02-12,991,76
SKU0103,WH038,2025-02-20,686,40
SKU0086,WH040,2025-02-04,425,38
SKU0027,WH033,2025-02-21,257,77
SKU0042,WH020,2025-01-13,653,24
SKU0228,WH033,2025-02-27,459,67
SKU0041,WH044,2025-03-01,377,36
SKU0033,WH044,2025-01-31,163,43
SKU0397,WH044,2025-01-07,970,28
SKU0424,WH001,2025-01-24,437,73
SKU0170,WH046,2025-02-13,266,51
SKU0013,WH042,2025-02-28,972,47
SKU0472,WH025,2025-02-16,926,62
SKU0043,WH029,2025-02-12,212,97
SKU0315,WH029,2025-01-19,510,72
SKU0179,WH013,2025-01-02,129,68
SKU0110,WH012,2025-01-30,684,15
SKU0180,WH027,2025-01-30,405,61
SKU0147,WH049,2025-02-21,749,27
SKU0111,WH034,2025-02-19,558,45
SKU0411,WH038,2025-01-02,756,89
SKU0317,WH019,2025-01-03,613,58
SKU0039,WH046,2025-02-06,306,46
SKU0006,WH034,2025-02-21,823,80
SKU0340,WH035,2025-01-14,771,44
SKU0030,WH047,2025-01-08,800,93
SKU0156,WH037,2025-02-27,391,48
SKU0433,WH027,2025-01-13,474,33
SKU0351,WH030,2025-01-19,435,99
SKU0314,WH007,2025-02-28,996,76
SKU0453,WH021,2025-01-07,707,32
SKU0261,WH032,2025-01-05,151,28
SKU0380,WH023,2025-01-27,231,36
SKU0084,WH039,2025-01-30,330,30
SKU0488,WH019,2025-02-10,230,95
SKU0145,WH018,2025-01-29,158,25
SKU0093,WH022,2025-02-14,517,50
SKU0090,WH030,2025-02-26,552,41
SKU0293,WH044,2025-02-23,319,13
SKU0231,WH017,2025-02-05,847,33
SKU0151,WH039,2025-01-18,508,32
SKU0062,WH025,2025-01-16,157,83
SKU0375,WH008,2025-01-19,441,38
SKU0335,WH028,2025-01-15,352,78
SKU0212,WH011,2025-01-23,397,21
SKU0137,WH040,2025-01-23,372,30
SKU0329,WH023,2025-02-27,837,76
SKU0246,WH042,2025-01-03,234,89
SKU0216,WH003,2025-02-22,443,21
SKU0215,WH007,2025-02-22,175,26
SKU0089,WH037,2025-01-07,123,68
SKU0001,WH045,2025-01-27,759,48
SKU0466,WH045,2025-01-28,246,40
SKU0270,WH005,2025-02-04,420,21
SKU0480,WH040,2025-02-25,909,55
SKU0149,WH002,2025-01-20,412,11
SKU0415,WH016,2025-01-21,215,95
SKU0135,WH015,2025-01-14,438,70
SKU0297,WH050,2025-01-21,780,50
SKU0194,WH002,2025-01-04,149,30
SKU0320,WH032,2025-02-19,739,46
SKU0497,WH006,2025-02-02,130,97
SKU0100,WH004,2025-01-06,966,14
SKU0162,WH041,2025-02-09,894,37
SKU0211,WH025,2025-02-19,319,73
SKU0010,WH017,2025-02-06,619,55
SKU0433,WH025,2025-01-01,745,61
SKU0280,WH011,2025-01-21,280,30
SKU0205,WH038,2025-02-15,134,76
SKU0304,WH028,2025-02-13,320,57
SKU0090,WH041,2025-02-10,137,36
SKU0005,WH047,2025-01-27,490,100
SKU0179,WH034,2025-01-11,462,96
SKU0390,WH042,2025-01-04,741,33
SKU0323,WH005,2025-02-23,508,90
SKU0057,WH016,2025-01-05,904,97
SKU0381,WH031,2025-01-16,144,60
SKU0460,WH043,2025-02-27,807,78
SKU0072,WH007,2025-02-12,645,15
SKU0239,WH004,2025-02-13,575,73
SKU0257,WH015,2025-02-19,502,66
SKU0364,WH038,2025-01-07,617,61
SKU0151,WH012,2025-01-06,386,62
SKU0398,WH031,2025-01-18,668,46
SKU0071,WH026,2025-02-27,978,44
SKU0093,WH027,2025-02-09,308,94
SKU0013,WH038,2025-02-07,995,10
SKU0165,WH014,2025-01-03,276,59
SKU0376,WH048,2025-02-17,218,75
SKU0416,WH021,2025-02-03,202,70
SKU0259,WH011,2025-03-02,602,80
SKU0028,WH025,2025-01-08,953,75
SKU0318,WH046,2025-01-07,585,100
SKU0491,WH021,2025-02-14,239,71
SKU0430,WH024,2025-02-10,705,99
SKU0485,WH031,2025-02-05,975,24
SKU0227,WH028,2025-01-25,619,83
SKU0153,WH015,2025-03-01,962,38
SKU0280,WH021,2025-02-28,346,13
SKU0378,WH026,2025-02-04,884,99
SKU0161,WH025,2025-01-24,649,23
SKU0412,WH022,2025-02-10,567,24
SKU0228,WH003,2025-02-17,753,82
SKU0337,WH048,2025-02-22,980,37
SKU0436,WH049,2025-01-07,945,51
SKU0353,WH032,2025-02-08,929,35
SKU0105,WH002,2025-02-15,575,63
SKU0214,WH027,2025-01-01,983,48
SKU0108,WH012,2025-01-20,245,78
SKU0203,WH013,2025-01-07,743,52
SKU0303,WH017,2025-02-27,835,84
SKU0197,WH031,2025-02-06,464,54
SKU0372,WH044,2025-02-28,242,94
SKU0300,WH021,2025-01-29,929,95
SKU0194,WH044,2025-02-20,523,93
SKU0497,WH006,2025-02-07,844,43
SKU0108,WH016,2025-01-18,583,16
SKU0315,WH043,2025-01-22,908,18
SKU0226,WH040,2025-01-09,958,56
SKU0302,WH043,2025-01-26,777,64
SKU0453,WH048,2025-01-30,960,80
SKU0165,WH020,2025-01-10,221,39
SKU0474,WH042,2025-02-13,782,84
SKU0462,WH033,2025-02-26,715,55
SKU0219,WH033,2025-02-15,458,78
SKU0284,WH022,2025-02-13,958,24
SKU0408,WH039,2025-02-23,763,79
SKU0251,WH018,2025-01-25,381,97
SKU0169,WH010,2025-01-30,740,71
SKU0398,WH044,2025-02-02,243,18
SKU0157,WH002,2025-02-09,770,49
SKU0407,WH001,2025-02-25,720,28
SKU0025,WH035,2025-01-15,848,34
SKU0133,WH024,2025-01-24,115,81
SKU0057,WH038,2025-01-04,993,94
SKU0495,WH026,2025-01-27,792,14
SKU0210,WH041,2025-01-23,603,98
SKU0226,WH001,2025-01-12,987,91
SKU0266,WH016,2025-01-15,989,86
SKU0474,WH030,2025-01-02,175,15
SKU0032,WH032,2025-01-17,854,95
SKU0132,WH003,2025-02-04,930,54
SKU0292,WH049,2025-01-16,850,66
SKU0449,WH030,2025-02-10,131,16
SKU0117,WH034,2025-02-01,948,42
SKU0344,WH029,2025-02-28,859,27
SKU0402,WH030,2025-01-30,687,19
SKU0048,WH011,2025-02-24,371,77
SKU0215,WH048,2025-01-13,534,31
SKU0161,WH030,2025-01-08,478,88
SKU0181,WH046,2025-01-22,770,29
SKU0205,WH004,2025-02-24,129,60
SKU0252,WH010,2025-01-19,330,47
SKU0441,WH042,2025-02-18,736,61
SKU0050,WH012,2025-02-05,891,18
SKU0193,WH033,2025-02-04,495,88
SKU0114,WH007,2025-02-23,613,17
SKU0433,WH037,2025-01-03,334,74
SKU0374,WH002,2025-02-07,118,10
SKU0406,WH044,2025-02-13,908,83
SKU0383,WH036,2025-02-10,862,41
SKU0058,WH012,2025-02-11,711,70
SKU0492,WH019,2025-02-20,473,45
SKU0177,WH015,2025-01-12,368,44
SKU0101,WH039,2025-01-29,725,21
SKU0015,WH040,2025-01-11,894,51
SKU0438,WH012,2025-02-20,824,70
SKU0264,WH011,2025-02-07,824,28
SKU0031,WH022,2025-01-20,477,95
SKU0065,WH008,2025-02-19,777,29
SKU0145,WH036,2025-01-31,871,79
SKU0471,WH001,2025-02-19,267,41
SKU0458,WH004,2025-01-18,512,42
SKU0084,WH035,2025-03-02,602,93
SKU0268,WH037,2025-01-13,256,29
SKU0179,WH007,2025-01-27,186,74
SKU0215,WH033,2025-02-09,422,47
SKU0431,WH003,2025-02-05,768,79
SKU0305,WH022,2025-01-30,804,42
SKU0291,WH001,2025-01-28,921,22
SKU0165,WH046,2025-01-14,842,55
SKU0199,WH019,2025-01-26,879,10
SKU0160,WH015,2025-02-05,368,52
SKU0281,WH040,2025-01-11,176,68
SKU0489,WH042,2025-02-23,401,69
SKU0152,WH047,2025-02-14,972,94
SKU0240,WH019,2025-02-25,965,49
SKU0273,WH044,2025-02-22,766,84
SKU0315,WH002,2025-01-19,436,59
SKU0277,WH015,2025-01-29,164,13
SKU0052,WH043,2025-02-19,586,61
SKU0396,WH031,2025-02-09,530,56
SKU0047,WH012,2025-01-03,641,98
SKU0161,WH034,2025-01-21,321,95
SKU0147,WH040,2025-02-15,561,39
SKU0160,WH031,2025-01-25,573,44
SKU0135,WH021,2025-01-31,118,19
SKU0024,WH007,2025-01-29,366,57
SKU0121,WH030,2025-01-21,344,25
SKU0049,WH046,2025-01-09,943,100
SKU0396,WH039,2025-02-01,357,93
SKU0478,WH019,2025-02-04,914,60
SKU0190,WH010,2025-02-05,791,46
SKU0159,WH036,2025-02-09,229,92
SKU0436,WH017,2025-02-20,593,52
SKU0199,WH023,2025-02-14,285,76
SKU0436,WH016,2025-01-08,428,65
SKU0209,WH043,2025-02-18,149,17
SKU0417,WH045,2025-01-14,389,46
SKU0148,WH006,2025-01-03,716,20
SKU0096,WH020,2025-01-29,385,90
SKU0470,WH013,2025-02-24,777,19
SKU0189,WH024,2025-03-01,424,54
SKU0434,WH030,2025-02-02,732,32
SKU0385,WH032,2025-01-18,347,77
SKU0391,WH043,2025-02-24,962,75
SKU0379,WH044,2025-01-22,444,60
SKU0372,WH003,2025-01-09,247,32
SKU0061,WH012,2025-01-14,380,29
SKU0074,WH045,2025-02-28,647,39
SKU0328,WH013,2025-01-19,765,57
SKU0252,WH047,2025-02-08,531,77
SKU0487,WH017,2025-01-16,634,40
SKU0495,WH004,2025-02-10,107,95
SKU0097,WH037,2025-02-23,786,47
SKU0248,WH015,2025-02-25,637,59
SKU0149,WH048,2025-02-14,673,24
SKU0333,WH040,2025-01-03,390,19
SKU0067,WH033,2025-01-02,400,95
SKU0180,WH009,2025-01-07,790,41
SKU0169,WH037,2025-02-18,445,95
SKU0406,WH005,2025-02-11,221,17
SKU0310,WH005,2025-02-23,766,40
SKU0122,WH017,2025-01-05,698,13
SKU0039,WH001,2025-01-17,749,88
SKU0029,WH035,2025-02-03,511,33
SKU0318,WH020,2025-01-29,974,51
SKU0321,WH005,2025-01-30,416,67
SKU0214,WH025,2025-02-20,857,37
SKU0121,WH015,2025-03-02,833,82
SKU0393,WH036,2025-02-10,206,52
SKU0141,WH040,2025-02-23,835,34
SKU0133,WH038,2025-01-25,161,14
SKU0181,WH016,2025-02-11,132,91
SKU0133,WH050,2025-01-23,289,50
SKU0020,WH042,2025-01-20,193,71
SKU0366,WH043,2025-01-12,322,76
SKU0362,WH010,2025-02-21,755,50
SKU0388,WH003,2025-01-06,997,61
SKU0120,WH012,2025-01-29,892,22
SKU0417,WH011,2025-02-19,180,92
SKU0389,WH018,2025-01-18,935,76
SKU0225,WH028,2025-02-19,527,31
SKU0332,WH042,2025-02-26,495,72
SKU0099,WH039,2025-01-14,385,64
SKU0144,WH034,2025-01-29,515,23
SKU0306,WH006,2025-02-04,285,20
SKU0396,WH041,2025-01-03,458,86
SKU0462,WH025,2025-01-08,866,35
SKU0430,WH043,2025-01-31,190,41
SKU0466,WH014,2025-01-24,270,17
SKU0090,WH030,2025-01-28,562,61
SKU0451,WH046,2025-01-08,635,88
SKU0371,WH045,2025-02-03,982,28
SKU0299,WH010,2025-01-08,746,74
SKU0039,WH040,2025-02-21,742,67
SKU0453,WH005,2025-02-21,125,46
SKU0425,WH026,2025-01-30,508,50
SKU0265,WH027,2025-01-14,484,70
SKU0050,WH024,2025-02-06,354,32
SKU0225,WH013,2025-02-19,150,58
SKU0306,WH027,2025-01-07,256,91
SKU0419,WH011,2025-01-01,400,37
SKU0060,WH002,2025-01-18,122,95
SKU0172,WH050,2025-01-16,862,44
SKU0184,WH021,2025-02-20,793,73
SKU0426,WH024,2025-01-26,801,99
SKU0153,WH028,2025-02-28,332,90
SKU0293,WH005,2025-01-18,451,94
SKU0348,WH005,2025-01-31,712,20
SKU0478,WH001,2025-02-05,547,14
SKU0420,WH014,2025-02-06,888,17
SKU0064,WH015,2025-02-08,891,73
SKU0438,WH014,2025-01-06,633,42
SKU0301,WH009,2025-01-12,314,92
SKU0366,WH050,2025-01-09,447,28
SKU0334,WH005,2025-01-08,359,26
SKU0006,WH044,2025-01-28,992,10
SKU0148,WH037,2025-01-29,727,59
SKU0373,WH048,2025-01-14,992,28
SKU0195,WH049,2025-01-26,864,97
SKU0158,WH046,2025-01-25,829,26
SKU0305,WH033,2025-03-02,136,19
SKU0354,WH017,2025-02-02,145,25
SKU0035,WH005,2025-01-15,163,54
SKU0300,WH004,2025-01-31,361,86
SKU0357,WH004,2025-02-08,643,96
SKU0324,WH036,2025-01-28,315,46
SKU0207,WH014,2025-01-12,848,34
SKU0215,WH003,2025-02-07,705,64
SKU0079,WH033,2025-02-02,262,58
SKU0214,WH050,2025-02-25,329,47
SKU0304,WH015,2025-02-08,240,47
SKU0217,WH024,2025-02-03,619,31
SKU0409,WH027,2025-01-23,709,58
SKU0449,WH038,2025-02-15,905,23
SKU0042,WH013,2025-01-20,526,98
SKU0349,WH041,2025-02-05,115,87
SKU0252,WH003,2025-02-16,619,67
SKU0139,WH001,2025-01-14,538,17
SKU0153,WH029,2025-02-18,753,30
SKU0013,WH025,2025-02-28,935,75
SKU0441,WH029,2025-02-10,474,31
SKU0289,WH004,2025-01-15,679,78
SKU0151,WH016,2025-01-12,409,68
SKU0246,WH036,2025-02-25,887,87
SKU0393,WH024,2025-02-28,861,12
SKU0065,WH045,2025-02-15,835,47
SKU0455,WH017,2025-02-24,985,62
SKU0416,WH030,2025-02-17,213,68
SKU0370,WH042,2025-01-23,985,26
SKU0044,WH038,2025-01-18,181,26
SKU0349,WH031,2025-02-06,199,53
SKU0078,WH050,2025-02-14,726,32
SKU0111,WH009,2025-02-02,127,98
SKU0270,WH005,2025-02-03,336,14
SKU0475,WH004,2025-02-28,463,52
SKU0285,WH031,2025-01-06,809,27
SKU0064,WH050,2025-02-02,840,26
SKU0162,WH036,2025-01-22,578,35
SKU0439,WH048,2025-01-06,297,71
SKU0134,WH023,2025-02-19,754,97
SKU0026,WH022,2025-02-02,833,73
SKU0267,WH011,2025-03-02,324,76
SKU0042,WH028,2025-02-26,601,35
SKU0067,WH013,2025-01-02,723,15
SKU0205,WH013,2025-02-14,300,43
SKU0371,WH002,2025-02-03,729,66
SKU0025,WH009,2025-01-12,771,50
SKU0087,WH039,2025-01-20,321,42
SKU0393,WH027,2025-02-21,597,64
SKU0393,WH014,2025-01-08,199,70
SKU0186,WH018,2025-02-04,546,22
SKU0237,WH033,2025-02-22,694,30
SKU0365,WH006,2025-01-20,177,23
SKU0235,WH048,2025-01-14,432,36
SKU0052,WH011,2025-01-30,117,46
SKU0036,WH032,2025-02-17,254,26
SKU0144,WH005,2025-02-14,929,69
SKU0098,WH027,2025-02-28,181,56
SKU0070,WH043,2025-01-09,427,19
SKU0411,WH027,2025-02-03,156,41
SKU0386,WH043,2025-02-07,118,60
SKU0031,WH004,2025-01-22,906,82
SKU0381,WH030,2025-01-07,572,26
SKU0068,WH002,2025-01-26,438,54
SKU0445,WH035,2025-01-15,182,98
SKU0081,WH025,2025-02-13,453,61
SKU0027,WH005,2025-01-03,861,19
SKU0496,WH042,2025-02-07,430,70
SKU0097,WH033,2025-02-19,554,67
SKU0045,WH035,2025-02-01,742,44
SKU0251,WH017,2025-01-01,853,42
SKU0025,WH041,2025-01-11,955,90
SKU0420,WH002,2025-02-27,731,88
SKU0337,WH030,2025-02-06,464,41
SKU0109,WH015,2025-01-15,386,24
SKU0385,WH038,2025-01-27,942,84
SKU0485,WH015,2025-01-05,355,75
SKU0486,WH007,2025-01-30,541,24
SKU0220,WH001,2025-02-25,184,79
SKU0376,WH004,2025-02-07,283,57
SKU0389,WH033,2025-02-17,659,52
SKU0101,WH014,2025-02-13,790,26
SKU0165,WH017,2025-01-13,809,43
SKU0419,WH049,2025-02-19,172,38
SKU0082,WH042,2025-01-19,837,10
SKU0002,WH002,2025-01-13,585,88
SKU0123,WH014,2025-02-12,185,81
SKU0389,WH043,2025-02-17,845,51
SKU0049,WH007,2025-01-29,879,52
SKU0315,WH036,2025-02-27,790,47
SKU0056,WH016,2025-02-02,871,82
SKU0458,WH043,2025-02-26,373,93
SKU0080,WH032,2025-02-13,864,21
SKU0229,WH001,2025-01-17,396,33
SKU0064,WH039,2025-02-10,870,92
SKU0242,WH023,2025-01-10,857,31
SKU0380,WH027,2025-01-12,626,95
SKU0251,WH040,2025-01-05,249,81
SKU0235,WH046,2025-01-12,121,96
SKU0238,WH039,2025-01-23,705,39
SKU0067,WH037,2025-02-20,235,35
SKU0145,WH012,2025-03-02,962,94
SKU0044,WH013,2025-01-25,110,77
SKU0194,WH002,2025-01-01,932,52
SKU0194,WH021,2025-01-23,823,86
SKU0320,WH011,2025-01-06,101,64
SKU0052,WH038,2025-01-12,322,38
SKU0132,WH028,2025-02-19,379,45
SKU0087,WH012,2025-01-11,169,43
SKU0105,WH017,2025-02-10,815,59
SKU0092,WH014,2025-02-04,388,60
SKU0478,WH034,2025-01-11,807,54
SKU0438,WH011,2025-02-25,689,100
SKU0179,WH026,2025-01-26,434,33
SKU0385,WH021,2025-02-20,468,11
SKU0160,WH015,2025-01-31,423,98
SKU0450,WH015,2025-02-05,898,41
SKU0119,WH039,2025-01-19,520,40
SKU0009,WH036,2025-01-17,469,66
SKU0364,WH011,2025-01-02,421,15
SKU0067,WH020,2025-02-25,221,45
SKU0272,WH035,2025-01-01,487,46
SKU0030,WH039,2025-03-02,242,86
SKU0308,WH047,2025-02-08,472,98
SKU0232,WH030,2025-02-18,806,89
SKU0227,WH033,2025-01-22,720,17
SKU0246,WH006,2025-02-24,850,76
SKU0268,WH006,2025-02-16,977,90
SKU0174,WH040,2025-01-09,258,76
SKU0126,WH038,2025-03-01,493,63
SKU0465,WH050,2025-02-18,800,49
SKU0458,WH028,2025-01-05,669,97
SKU0390,WH043,2025-01-12,114,50
SKU0055,WH004,2025-01-11,491,82
SKU0121,WH039,2025-01-19,447,44
SKU0459,WH010,2025-02-14,369,21
SKU0296,WH043,2025-02-02,648,51
SKU0355,WH008,2025-01-18,470,19
SKU0054,WH043,2025-03-02,175,73
SKU0450,WH022,2025-01-27,546,51
SKU0411,WH009,2025-02-22,989,42
SKU0321,WH028,2025-01-11,975,33
SKU0145,WH009,2025-01-30,418,79
SKU0451,WH016,2025-01-09,862,99
SKU0158,WH005,2025-02-16,494,80
SKU0023,WH021,2025-02-24,151,31
SKU0152,WH021,2025-01-29,750,73
SKU0004,WH018,2025-01-02,130,50
SKU0034,WH016,2025-02-04,240,26
SKU0061,WH039,2025-01-06,525,80
SKU0295,WH013,2025-02-14,685,31
SKU0042,WH025,2025-01-06,618,29
SKU0274,WH021,2025-01-17,595,72
SKU0090,WH046,2025-01-16,625,83
SKU0113,WH005,2025-02-24,170,67
SKU0415,WH039,2025-02-04,490,63
SKU0256,WH006,2025-02-15,395,96
SKU0059,WH043,2025-01-06,977,28
SKU0342,WH005,2025-01-13,768,28
SKU0148,WH038,2025-02-22,302,16
SKU0342,WH001,2025-02-27,666,30
SKU0242,WH047,2025-01-31,377,61
SKU0241,WH030,2025-01-29,609,95
SKU0168,WH006,2025-02-06,594,13
SKU0215,WH036,2025-02-12,808,56
SKU0443,WH025,2025-02-06,167,13
SKU0352,WH033,2025-02-18,381,47
SKU0048,WH007,2025-03-01,300,42
SKU0324,WH018,2025-01-12,890,79
SKU0439,WH050,2025-01-12,318,86
SKU0287,WH035,2025-01-05,736,91
SKU0048,WH020,2025-02-17,784,19
SKU0386,WH011,2025-01-03,302,44
SKU0045,WH038,2025-01-04,510,60
SKU0160,WH011,2025-02-23,813,44
SKU0396,WH050,2025-02-14,707,92
SKU0215,WH030,2025-01-16,166,49
SKU0104,WH003,2025-02-25,738,95
SKU0137,WH032,2025-02-08,656,45
SKU0221,WH028,2025-01-19,478,96
SKU0052,WH043,2025-03-01,605,52
SKU0080,WH003,2025-02-22,692,68
SKU0214,WH018,2025-03-01,801,69
SKU0272,WH035,2025-01-20,919,74
SKU0294,WH006,2025-01-15,934,25
SKU0309,WH017,2025-01-25,436,10
SKU0378,WH042,2025-01-07,865,45
SKU0366,WH036,2025-02-16,269,71
SKU0367,WH009,2025-01-01,120,72
SKU0276,WH001,2025-01-02,728,35
SKU0209,WH034,2025-01-08,823,12
SKU0459,WH034,2025-02-10,648,45
SKU0073,WH039,2025-02-16,443,14
SKU0445,WH004,2025-01-29,255,65
SKU0050,WH028,2025-02-09,564,62
SKU0035,WH022,2025-02-11,980,69
SKU0230,WH002,2025-02-07,609,21
SKU0089,WH007,2025-01-22,198,90
SKU0175,WH048,2025-01-08,846,14
SKU0447,WH049,2025-01-02,814,37
SKU0013,WH024,2025-01-05,190,22
SKU0231,WH032,2025-02-25,575,21
SKU0487,WH031,2025-01-05,618,94
SKU0431,WH050,2025-02-06,148,49
SKU0097,WH008,2025-02-14,344,96
SKU0061,WH014,2025-02-15,604,54
SKU0459,WH016,2025-02-13,706,88
SKU0223,WH002,2025-01-18,809,34
SKU0096,WH014,2025-01-31,282,43
SKU0030,WH044,2025-01-06,770,17
SKU0373,WH013,2025-02-08,299,94
SKU0490,WH010,2025-02-12,886,49
SKU0159,WH050,2025-02-27,937,59
SKU0443,WH032,2025-01-21,155,21
SKU0242,WH007,2025-01-26,786,43
SKU0029,WH002,2025-02-05,810,52
SKU0381,WH032,2025-02-21,123,44
SKU0490,WH013,2025-02-27,254,20
SKU0393,WH007,2025-02-06,602,46
SKU0326,WH009,2025-01-05,715,79
SKU0055,WH046,2025-02-16,857,11
SKU0038,WH011,2025-02-01,202,44
SKU0136,WH015,2025-02-11,310,100
SKU0160,WH019,2025-02-05,682,62
SKU0312,WH008,2025-02-14,923,81
SKU0425,WH046,2025-02-12,905,28
SKU0002,WH008,2025-01-10,834,53
SKU0470,WH016,2025-01-24,247,50
SKU0163,WH046,2025-01-15,835,84
SKU0266,WH020,2025-02-13,920,29
SKU0158,WH018,2025-01-13,151,52
SKU0098,WH010,2025-01-28,700,41
SKU0348,WH028,2025-01-20,181,94
SKU0091,WH024,2025-02-08,939,39
SKU0278,WH019,2025-01-24,814,37
SKU0149,WH037,2025-02-10,454,84
SKU0469,WH031,2025-02-24,316,85
SKU0409,WH014,2025-01-04,422,70
SKU0447,WH037,2025-02-16,844,11
SKU0263,WH008,2025-02-01,493,73
SKU0466,WH022,2025-02-19,807,26
SKU0334,WH021,2025-01-20,429,84
SKU0435,WH003,2025-03-02,317,75
SKU0416,WH004,2025-01-16,330,73
SKU0068,WH030,2025-01-12,139,60
SKU0398,WH034,2025-02-09,305,43
SKU0265,WH001,2025-01-13,446,56
SKU0029,WH007,2025-02-21,700,36
SKU0381,WH044,2025-01-03,985,61
SKU0467,WH008,2025-01-20,681,60
SKU0161,WH032,2025-01-08,795,97
SKU0252,WH008,2025-02-12,123,45
SKU0155,WH008,2025-01-11,398,44
SKU0282,WH022,2025-01-28,131,80
SKU0266,WH028,2025-01-20,941,23
SKU0150,WH042,2025-01-30,307,49
SKU0396,WH041,2025-02-03,521,47
SKU0405,WH017,2025-01-19,500,89
SKU0416,WH033,2025-02-12,753,89
SKU0142,WH032,2025-02-11,115,33
SKU0198,WH039,2025-02-24,601,86
SKU0131,WH023,2025-01-23,986,31
SKU0024,WH037,2025-01-04,698,65
SKU0136,WH049,2025-02-09,349,93
SKU0365,WH032,2025-01-20,627,52
SKU0231,WH050,2025-01-09,276,27
SKU0499,WH025,2025-02-06,147,85
SKU0351,WH034,2025-02-16,575,11
SKU0194,WH032,2025-02-11,447,11
SKU0214,WH046,2025-01-17,410,78
SKU0366,WH016,2025-02-19,456,72
SKU0118,WH030,2025-02-24,406,77
SKU0239,WH005,2025-02-19,537,57
SKU0211,WH046,2025-02-13,837,13
SKU0483,WH017,2025-01-28,868,69
SKU0148,WH041,2025-02-05,734,10
SKU0114,WH035,2025-02-18,105,73
SKU0344,WH047,2025-02-17,895,33
SKU0466,WH011,2025-02-10,452,13
SKU0167,WH008,2025-02-19,656,25
SKU0451,WH013,2025-01-20,928,72
SKU0379,WH020,2025-02-01,997,20
SKU0018,WH003,2025-01-30,970,84
SKU0390,WH030,2025-01-13,284,36
SKU0146,WH026,2025-01-20,712,100
SKU0339,WH030,2025-01-31,561,70
SKU0143,WH003,2025-02-24,445,60
SKU0352,WH043,2025-01-30,301,80
SKU0199,WH032,2025-01-13,608,83
SKU0198,WH049,2025-02-11,894,25
SKU0349,WH043,2025-01-02,978,72
SKU0205,WH011,2025-02-10,576,71
SKU0371,WH016,2025-01-24,950,54
SKU0120,WH033,2025-01-31,204,50
SKU0408,WH023,2025-02-14,308,56
SKU0181,WH004,2025-02-02,853,71
SKU0257,WH048,2025-01-24,498,40
SKU0223,WH026,2025-02-26,292,75
SKU0271,WH044,2025-01-08,762,73
SKU0385,WH005,2025-01-31,944,83
SKU0230,WH032,2025-02-24,325,90
SKU0071,WH028,2025-02-13,795,69
SKU0154,WH007,2025-01-02,516,95
SKU0391,WH021,2025-02-14,117,23
SKU0107,WH046,2025-02-27,987,52
SKU0313,WH038,2025-01-07,277,95
SKU0382,WH026,2025-01-30,767,11
SKU0288,WH040,2025-01-14,382,96
SKU0220,WH008,2025-02-16,397,40
SKU0489,WH009,2025-01-10,944,27
SKU0104,WH013,2025-01-12,952,37
SKU0173,WH002,2025-01-17,919,90
SKU0185,WH022,2025-01-29,198,84
SKU0395,WH038,2025-02-16,639,25
SKU0016,WH050,2025-01-19,475,85
SKU0369,WH014,2025-01-16,853,30
SKU0036,WH022,2025-01-21,507,35
SKU0389,WH004,2025-02-05,438,99
SKU0021,WH041,2025-01-15,217,48
SKU0418,WH006,2025-02-19,377,12
SKU0325,WH013,2025-01-22,995,31
SKU0081,WH036,2025-01-05,777,73
SKU0241,WH040,2025-01-11,933,60
SKU0203,WH045,2025-02-23,891,85
SKU0208,WH002,2025-01-07,317,38
SKU0181,WH015,2025-01-31,652,41
SKU0344,WH011,2025-01-29,308,72
SKU0099,WH037,2025-01-23,791,69
SKU0081,WH040,2025-03-01,408,69
SKU0156,WH040,2025-02-27,920,31
SKU0243,WH033,2025-01-12,108,72
SKU0179,WH035,2025-02-23,115,100
SKU0359,WH035,2025-01-13,213,57
SKU0075,WH016,2025-01-15,961,68
SKU0401,WH040,2025-02-15,759,100
SKU0269,WH008,2025-01-15,271,72
SKU0108,WH009,2025-01-19,173,50
SKU0111,WH038,2025-01-17,387,63
SKU0228,WH031,2025-01-04,559,11
SKU0081,WH035,2025-01-30,654,35
SKU0431,WH037,2025-02-15,472,89
SKU0155,WH024,2025-01-13,705,45
SKU0057,WH022,2025-02-18,476,54
SKU0277,WH041,2025-01-26,240,30
SKU0250,WH032,2025-01-14,550,70
SKU0354,WH024,2025-02-24,138,69
SKU0124,WH027,2025-01-24,245,55
SKU0168,WH026,2025-01-29,257,93
SKU0478,WH050,2025-03-02,561,42
SKU0016,WH047,2025-01-12,240,92
SKU0033,WH003,2025-01-09,723,55
SKU0359,WH017,2025-02-09,757,79
SKU0475,WH017,2025-02-05,907,59
SKU0175,WH027,2025-02-14,523,78
SKU0481,WH047,2025-01-19,950,74
SKU0257,WH038,2025-02-06,802,14
SKU0251,WH050,2025-02-15,430,72
SKU0096,WH045,2025-01-09,769,89
SKU0190,WH041,2025-02-17,855,41
SKU0367,WH005,2025-02-06,324,64
SKU0211,WH050,2025-02-03,440,87
SKU0262,WH044,2025-02-23,270,64
SKU0070,WH017,2025-01-15,749,29
SKU0147,WH029,2025-02-06,573,37
SKU0154,WH009,2025-01-14,949,33
SKU0254,WH004,2025-02-12,202,10
SKU0017,WH035,2025-01-21,953,68
SKU0299,WH012,2025-03-02,766,32
SKU0123,WH039,2025-01-16,726,51
SKU0161,WH016,2025-02-12,407,27
SKU0178,WH018,2025-01-17,353,68
SKU0415,WH016,2025-01-31,938,63
SKU0337,WH027,2025-03-02,188,81
SKU0067,WH016,2025-02-11,163,66
SKU0315,WH017,2025-01-07,403,96
SKU0373,WH022,2025-01-12,784,17
SKU0416,WH004,2025-01-13,724,84
SKU0300,WH018,2025-01-26,353,25
SKU0231,WH046,2025-01-23,747,22
SKU0487,WH037,2025-01-11,296,49
SKU0309,WH043,2025-01-26,179,75
SKU0174,WH031,2025-01-05,204,76
SKU0140,WH038,2025-02-17,918,68
SKU0220,WH021,2025-01-16,294,61
SKU0206,WH028,2025-01-04,211,69
SKU0380,WH020,2025-02-19,703,98
SKU0312,WH016,2025-01-11,498,10
SKU0104,WH008,2025-02-12,536,53
SKU0352,WH044,2025-01-19,653,15
SKU0307,WH023,2025-01-13,344,47
SKU0284,WH040,2025-02-05,650,27
SKU0036,WH023,2025-01-07,757,58
SKU0104,WH013,2025-02-20,161,34
SKU0444,WH009,2025-01-24,430,85
SKU0412,WH034,2025-03-01,743,36
SKU0023,WH010,2025-02-04,866,39
SKU0265,WH041,2025-01-28,442,91
SKU0465,WH045,2025-02-09,228,35
SKU0353,WH005,2025-02-19,240,69
SKU0360,WH046,2025-02-02,591,73
SKU0368,WH002,2025-02-03,897,76
SKU0221,WH009,2025-01-20,667,79
SKU0075,WH023,2025-01-08,481,83
SKU0416,WH017,2025-01-30,563,99
SKU0191,WH012,2025-01-31,833,65
SKU0105,WH032,2025-02-09,259,58
SKU0250,WH007,2025-02-26,279,74
SKU0423,WH042,2025-02-11,637,16
SKU0377,WH038,2025-01-21,929,68
SKU0388,WH030,2025-02-18,953,57
SKU0066,WH037,2025-02-06,879,32
SKU0083,WH005,2025-02-12,879,42
SKU0337,WH035,2025-02-19,274,13
SKU0468,WH001,2025-01-12,208,71
SKU0086,WH022,2025-02-23,909,36
SKU0254,WH029,2025-02-15,656,39
SKU0293,WH040,2025-02-13,709,68
SKU0370,WH009,2025-02-21,935,36
SKU0080,WH034,2025-02-06,814,99
SKU0042,WH009,2025-02-17,659,28
SKU0396,WH025,2025-01-26,314,66
SKU0018,WH008,2025-02-18,337,86
SKU0412,WH005,2025-02-10,178,49
SKU0258,WH029,2025-01-30,112,28
SKU0390,WH005,2025-02-21,246,47
SKU0263,WH004,2025-01-05,267,80
SKU0148,WH003,2025-02-03,829,37
SKU0277,WH017,2025-02-03,505,38
SKU0183,WH042,2025-01-20,856,87
SKU0294,WH002,2025-02-19,223,40
SKU0213,WH022,2025-01-31,573,92
SKU0012,WH015,2025-02-08,200,91
SKU0138,WH018,2025-01-06,313,56
SKU0384,WH022,2025-02-23,593,63
SKU0048,WH033,2025-02-23,186,94
SKU0183,WH020,2025-01-06,199,91
SKU0378,WH033,2025-01-22,701,31
SKU0250,WH017,2025-02-06,956,14
SKU0350,WH014,2025-02-11,988,58
SKU0426,WH020,2025-01-01,834,56
SKU0381,WH029,2025-01-26,713,42
SKU0003,WH044,2025-02-12,789,15
SKU0446,WH013,2025-02-17,274,56
SKU0095,WH025,2025-03-02,778,53
SKU0316,WH006,2025-01-06,391,46
SKU0437,WH013,2025-02-20,367,61
SKU0050,WH024,2025-01-04,430,35
SKU0097,WH045,2025-01-09,725,96
SKU0495,WH020,2025-01-17,804,93
SKU0213,WH043,2025-01-22,283,65
SKU0405,WH002,2025-01-16,262,74
SKU0187,WH038,2025-02-24,748,100
SKU0126,WH013,2025-02-18,867,62
SKU0018,WH002,2025-01-27,149,56
SKU0164,WH020,2025-01-24,917,13
SKU0290,WH018,2025-01-29,485,11
SKU0424,WH017,2025-01-07,921,87
SKU0071,WH031,2025-02-12,346,46
SKU0284,WH007,2025-01-20,321,48
SKU0433,WH050,2025-02-27,451,45
SKU0388,WH044,2025-02-05,589,69
SKU0366,WH024,2025-01-04,500,77
SKU0427,WH022,2025-01-03,281,29
SKU0086,WH007,2025-02-14,366,25
SKU0138,WH003,2025-02-01,704,77
SKU0269,WH035,2025-01-18,507,32
SKU0133,WH019,2025-01-13,117,34
SKU0489,WH001,2025-01-08,117,10
SKU0172,WH022,2025-01-05,261,24
SKU0207,WH045,2025-01-01,233,22
SKU0359,WH012,2025-01-15,274,19
SKU0016,WH034,2025-01-16,234,62
SKU0353,WH017,2025-01-01,151,92
SKU0499,WH013,2025-02-10,670,99
SKU0278,WH034,2025-02-22,145,44
SKU0399,WH008,2025-02-23,380,39
SKU0197,WH050,2025-02-25,782,26
SKU0027,WH048,2025-02-23,521,87
SKU0477,WH035,2025-02-17,641,21
SKU0338,WH018,2025-01-25,606,52
SKU0215,WH028,2025-02-05,114,89
SKU0353,WH049,2025-01-14,481,41
SKU0465,WH005,2025-02-07,218,24
SKU0215,WH034,2025-02-17,702,83
SKU0388,WH006,2025-02-15,311,36
SKU0087,WH050,2025-01-12,828,10
SKU0139,WH029,2025-02-01,690,31
SKU0401,WH035,2025-02-05,931,87
SKU0055,WH016,2025-01-12,660,73
SKU0146,WH049,2025-01-25,822,36
SKU0436,WH027,2025-01-19,397,67
SKU0484,WH002,2025-02-24,355,34
SKU0405,WH026,2025-01-30,378,95
SKU0225,WH041,2025-02-12,891,58
SKU0086,WH038,2025-01-09,631,44
SKU0301,WH013,2025-01-30,139,33
SKU0163,WH040,2025-01-10,916,26
SKU0280,WH008,2025-01-07,680,76
SKU0464,WH013,2025-03-01,990,96
SKU0064,WH047,2025-01-30,298,89
SKU0381,WH038,2025-01-28,387,88
SKU0158,WH010,2025-01-10,842,85
SKU0153,WH008,2025-02-10,565,76
SKU0254,WH025,2025-02-27,721,86
SKU0062,WH007,2025-02-04,818,12
SKU0061,WH008,2025-03-01,534,23
SKU0259,WH048,2025-02-16,335,86
SKU0178,WH030,2025-01-02,344,39
SKU0500,WH020,2025-02-17,273,76
SKU0080,WH009,2025-01-16,106,24
SKU0258,WH028,2025-01-04,569,46
SKU0272,WH031,2025-01-18,901,93
SKU0078,WH015,2025-02-28,803,59
SKU0439,WH036,2025-01-04,684,62
SKU0264,WH007,2025-02-06,342,67
SKU0232,WH050,2025-01-14,576,51
SKU0468,WH011,2025-02-05,932,67
SKU0116,WH038,2025-02-20,663,74
SKU0226,WH006,2025-01-10,728,45
SKU0378,WH011,2025-01-28,971,31
SKU0398,WH043,2025-01-08,695,38
SKU0041,WH005,2025-02-22,761,28
SKU0052,WH014,2025-01-19,935,86
SKU0088,WH031,2025-01-22,826,59
SKU0211,WH044,2025-01-11,297,44
SKU0338,WH008,2025-02-11,630,99
SKU0310,WH039,2025-01-30,623,92
SKU0329,WH025,2025-01-19,363,28
SKU0154,WH028,2025-02-23,270,87
SKU0019,WH049,2025-02-20,597,11
SKU0152,WH033,2025-02-27,691,55
SKU0022,WH038,2025-01-31,146,94
SKU0470,WH032,2025-02-25,248,54
SKU0392,WH011,2025-01-15,216,52
SKU0486,WH036,2025-01-20,194,53
SKU0376,WH036,2025-01-25,514,58
SKU0489,WH018,2025-02-21,649,87
SKU0479,WH039,2025-02-26,461,37
SKU0147,WH022,2025-01-11,808,18
SKU0198,WH026,2025-03-02,558,84
SKU0195,WH019,2025-02-20,503,20
SKU0478,WH043,2025-02-11,270,81
SKU0181,WH017,2025-02-04,191,65
SKU0389,WH042,2025-03-02,951,63
SKU0212,WH011,2025-01-04,343,54
SKU0308,WH032,2025-02-09,740,79
SKU0167,WH017,2025-01-30,215,26
SKU0001,WH015,2025-02-08,601,86
SKU0367,WH031,2025-02-13,550,88
SKU0415,WH019,2025-02-20,561,57
SKU0076,WH027,2025-01-07,950,58
SKU0288,WH003,2025-01-02,126,31
SKU0089,WH031,2025-02-14,265,81
SKU0430,WH034,2025-02-14,550,75
SKU0211,WH042,2025-01-14,155,31
SKU0046,WH021,2025-02-04,637,62
SKU0218,WH018,2025-02-27,211,37
SKU0466,WH034,2025-01-06,271,72
SKU0268,WH008,2025-01-25,728,76
SKU0300,WH023,2025-02-04,257,44
SKU0168,WH042,2025-02-12,929,36
SKU0357,WH025,2025-01-09,101,68
SKU0207,WH045,2025-02-27,340,31
SKU0037,WH020,2025-01-31,949,52
SKU0160,WH020,2025-01-24,617,20
SKU0381,WH040,2025-01-28,824,94
SKU0208,WH043,2025-01-26,555,60
SKU0499,WH033,2025-02-06,303,28
SKU0336,WH018,2025-02-19,831,64
SKU0480,WH010,2025-03-01,408,35
SKU0332,WH016,2025-02-05,585,30
SKU0022,WH037,2025-01-23,811,15
SKU0083,WH002,2025-01-04,546,77
SKU0441,WH009,2025-01-13,431,51
SKU0151,WH033,2025-01-23,726,54
SKU0337,WH013,2025-03-01,820,65
SKU0446,WH039,2025-01-10,593,14
SKU0295,WH028,2025-02-12,267,47
SKU0212,WH035,2025-01-15,703,26
SKU0040,WH036,2025-02-26,179,50
SKU0420,WH016,2025-02-14,576,83
SKU0362,WH037,2025-01-19,724,33
SKU0317,WH002,2025-02-19,157,99
SKU0303,WH006,2025-01-17,620,89
SKU0425,WH005,2025-01-14,436,88
SKU0125,WH007,2025-02-04,225,68
SKU0287,WH024,2025-02-08,977,15
SKU0150,WH013,2025-01-01,298,84
SKU0114,WH006,2025-02-10,550,98
SKU0480,WH028,2025-02-16,705,44
SKU0215,WH040,2025-02-19,796,81
SKU0400,WH022,2025-01-24,773,89
SKU0137,WH015,2025-01-04,832,68
SKU0196,WH025,2025-01-26,310,47
SKU0390,WH016,2025-01-23,120,90
SKU0259,WH038,2025-02-24,196,45
SKU0272,WH043,2025-01-19,370,84
SKU0172,WH003,2025-03-02,729,80
SKU0363,WH005,2025-01-16,919,91
SKU0263,WH022,2025-01-15,830,61
SKU0015,WH011,2025-01-11,207,55
SKU0106,WH044,2025-02-14,544,37
SKU0073,WH046,2025-02-03,416,45
SKU0442,WH037,2025-01-10,392,49
SKU0236,WH031,2025-02-14,437,74
SKU0244,WH008,2025-02-11,687,41
SKU0418,WH018,2025-01-06,697,75
SKU0265,WH006,2025-01-05,191,43
SKU0326,WH008,2025-01-15,426,45
SKU0476,WH029,2025-01-09,436,88
SKU0385,WH043,2025-02-09,500,50
SKU0158,WH010,2025-01-07,244,67
SKU0091,WH028,2025-02-14,202,23
SKU0373,WH032,2025-02-15,369,63
SKU0441,WH010,2025-01-21,349,28
SKU0463,WH012,2025-01-12,511,83
SKU0070,WH003,2025-01-25,939,50
SKU0065,WH001,2025-02-12,563,22
SKU0453,WH011,2025-02-11,740,56
SKU0325,WH037,2025-02-28,135,44
SKU0433,WH010,2025-02-22,502,22
SKU0171,WH037,2025-01-04,108,48
SKU0322,WH013,2025-02-17,998,79
SKU0437,WH004,2025-01-13,503,46
SKU0496,WH008,2025-02-19,379,92
SKU0124,WH041,2025-02-22,927,59
SKU0219,WH038,2025-02-21,590,41
SKU0338,WH012,2025-02-28,398,12
SKU0276,WH004,2025-01-16,429,94
SKU0209,WH009,2025-02-18,449,17
SKU0139,WH035,2025-01-23,531,87
SKU0370,WH047,2025-02-01,575,57
SKU0193,WH036,2025-01-31,827,15
SKU0267,WH031,2025-01-22,731,79
SKU0345,WH007,2025-01-21,379,48
SKU0070,WH042,2025-02-08,285,83
SKU0305,WH034,2025-02-25,523,85
SKU0337,WH028,2025-01-08,371,40
SKU0344,WH005,2025-01-24,738,24
SKU0283,WH040,2025-01-10,523,42
SKU0414,WH046,2025-01-13,946,78
SKU0273,WH036,2025-01-01,304,59
SKU0254,WH001,2025-01-10,244,90
SKU0311,WH021,2025-01-17,367,11
SKU0141,WH048,2025-02-11,373,23
SKU0115,WH019,2025-01-24,969,55
SKU0013,WH030,2025-02-28,777,90
SKU0348,WH050,2025-02-15,194,38
SKU0497,WH001,2025-01-02,368,91
SKU0063,WH020,2025-02-18,307,16
SKU0422,WH039,2025-01-15,659,26
SKU0352,WH050,2025-01-10,307,13
SKU0055,WH045,2025-02-08,497,57
SKU0237,WH006,2025-02-12,491,37
SKU0021,WH016,2025-01-25,866,94
SKU0341,WH028,2025-02-26,791,25
SKU0320,WH013,2025-01-17,474,52
SKU0429,WH041,2025-02-04,367,21
SKU0459,WH033,2025-01-15,691,84
SKU0184,WH006,2025-01-04,708,88
SKU0302,WH018,2025-02-06,688,28
SKU0367,WH036,2025-01-31,423,84
SKU0006,WH046,2025-02-27,869,81
SKU0080,WH023,2025-01-09,890,48
SKU0195,WH028,2025-01-16,484,79
SKU0486,WH012,2025-01-26,585,96
SKU0079,WH008,2025-02-12,396,10
SKU0254,WH050,2025-01-14,775,36
SKU0212,WH011,2025-02-01,997,65
SKU0339,WH042,2025-01-10,644,18
SKU0097,WH035,2025-01-02,748,52
SKU0483,WH019,2025-01-08,216,36
SKU0453,WH005,2025-02-26,440,42
SKU0079,WH033,2025-02-20,351,77
SKU0133,WH035,2025-01-07,717,47
SKU0237,WH046,2025-02-21,654,34
SKU0300,WH003,2025-01-07,306,84
SKU0428,WH033,2025-01-07,910,10
SKU0033,WH032,2025-02-11,421,93
SKU0446,WH027,2025-02-08,894,26
SKU0432,WH044,2025-02-19,261,92
SKU0280,WH034,2025-01-12,713,39
SKU0249,WH016,2025-01-10,185,27
SKU0086,WH017,2025-03-02,800,67
SKU0123,WH011,2025-03-02,778,20
SKU0038,WH037,2025-03-02,845,73
SKU0459,WH045,2025-01-11,743,38
SKU0002,WH032,2025-02-16,907,77
SKU0225,WH014,2025-01-30,903,33
SKU0348,WH024,2025-01-20,171,55
SKU0134,WH050,2025-02-11,727,10
SKU0366,WH027,2025-02-26,831,36
SKU0269,WH033,2025-01-19,128,90
SKU0098,WH027,2025-02-13,448,55
SKU0196,WH021,2025-03-02,347,64
SKU0476,WH003,2025-02-05,753,99
SKU0500,WH042,2025-02-21,303,56
SKU0059,WH025,2025-01-15,689,66
SKU0064,WH012,2025-02-17,793,91
SKU0272,WH037,2025-02-28,599,83
SKU0020,WH047,2025-01-10,769,78
SKU0482,WH035,2025-02-02,593,55
SKU0255,WH028,2025-02-15,959,57
SKU0004,WH035,2025-02-28,359,91
SKU0431,WH024,2025-01-25,355,66
SKU0383,WH013,2025-02-28,931,41
SKU0450,WH035,2025-01-01,799,14
SKU0309,WH009,2025-01-19,379,69
SKU0074,WH030,2025-02-24,241,58
SKU0149,WH044,2025-01-12,600,78
SKU0219,WH018,2025-02-24,951,23
SKU0013,WH005,2025-02-01,167,89
SKU0172,WH019,2025-02-03,425,75
SKU0285,WH013,2025-01-06,891,53
SKU0274,WH039,2025-01-25,481,93
SKU0301,WH008,2025-01-29,930,22
SKU0169,WH015,2025-01-22,833,17
SKU0216,WH030,2025-02-15,301,46
SKU0238,WH014,2025-01-17,538,77
SKU0497,WH023,2025-02-19,207,77
SKU0267,WH033,2025-02-16,990,86
SKU0238,WH006,2025-01-16,417,53
SKU0311,WH046,2025-03-02,920,62
SKU0482,WH024,2025-02-06,798,64
SKU0248,WH011,2025-02-04,782,51
SKU0347,WH012,2025-02-13,299,17
SKU0387,WH035,2025-02-24,457,52
SKU0162,WH018,2025-01-23,552,36
SKU0037,WH006,2025-02-11,309,91
SKU0199,WH043,2025-01-03,332,88
SKU0481,WH022,2025-01-15,541,71
SKU0183,WH033,2025-01-15,421,22
SKU0156,WH047,2025-01-18,436,35
SKU0087,WH003,2025-01-05,205,44
SKU0119,WH038,2025-02-16,448,85
SKU0478,WH047,2025-02-28,235,50
SKU0430,WH037,2025-02-21,297,98
SKU0391,WH002,2025-02-19,128,25
SKU0211,WH039,2025-03-02,836,31
SKU0209,WH028,2025-01-01,880,98
SKU0342,WH045,2025-02-13,879,25
SKU0497,WH037,2025-02-16,496,25
SKU0222,WH003,2025-02-12,207,97
SKU0184,WH050,2025-02-10,613,61
SKU0159,WH004,2025-02-07,752,29
SKU0148,WH008,2025-01-11,631,64
SKU0338,WH014,2025-02-22,880,38
SKU0182,WH033,2025-01-17,896,86
SKU0025,WH047,2025-01-25,524,23
SKU0432,WH043,2025-01-18,532,65
SKU0500,WH024,2025-01-25,119,87
SKU0226,WH045,2025-02-04,193,98
SKU0340,WH021,2025-01-05,107,80
SKU0061,WH008,2025-01-01,413,82
SKU0092,WH041,2025-02-19,190,41
SKU0186,WH048,2025-02-09,111,39
SKU0267,WH044,2025-02-21,395,61
SKU0489,WH041,2025-01-28,330,44
SKU0492,WH022,2025-02-17,746,42
SKU0480,WH002,2025-02-28,267,17
SKU0101,WH043,2025-02-24,514,44
SKU0087,WH032,2025-02-10,569,17
SKU0316,WH042,2025-01-26,826,11
SKU0112,WH034,2025-01-11,754,18
SKU0130,WH030,2025-01-22,568,58
SKU0244,WH039,2025-01-27,858,29
SKU0280,WH027,2025-02-07,896,95
SKU0320,WH013,2025-02-15,140,93
SKU0224,WH035,2025-02-11,631,54
SKU0140,WH001,2025-02-17,125,87
SKU0392,WH004,2025-01-23,647,92
SKU0035,WH038,2025-01-05,995,92
SKU0467,WH038,2025-01-04,481,14
SKU0228,WH022,2025-01-22,447,25
SKU0079,WH023,2025-02-28,888,40
SKU0095,WH027,2025-01-14,274,30
SKU0258,WH014,2025-02-05,968,13
SKU0385,WH042,2025-02-04,248,11
SKU0150,WH039,2025-01-03,877,21
SKU0488,WH021,2025-01-20,385,70
SKU0218,WH043,2025-02-16,627,93
SKU0460,WH030,2025-01-30,222,80
SKU0303,WH037,2025-02-02,146,50
SKU0423,WH023,2025-02-25,510,34
SKU0384,WH040,2025-01-18,694,59
SKU0038,WH048,2025-02-07,273,39
SKU0223,WH030,2025-01-27,202,81
SKU0369,WH003,2025-02-06,766,40
SKU0381,WH012,2025-02-14,829,74
SKU0374,WH038,2025-02-22,709,41
SKU0470,WH038,2025-01-03,647,17
SKU0481,WH019,2025-01-11,862,53
SKU0174,WH044,2025-02-02,301,66
SKU0201,WH032,2025-01-02,787,72
SKU0163,WH029,2025-02-15,365,60
SKU0399,WH033,2025-02-20,339,29
SKU0421,WH001,2025-01-24,831,98
SKU0120,WH003,2025-02-05,327,12
SKU0288,WH021,2025-02-13,425,40
SKU0287,WH008,2025-02-03,179,31
SKU0100,WH018,2025-01-25,736,84
SKU0306,WH011,2025-01-30,166,76
SKU0079,WH038,2025-02-25,665,71
SKU0040,WH018,2025-01-20,123,45
SKU0170,WH047,2025-02-04,649,91
SKU0143,WH014,2025-02-13,532,88
SKU0033,WH043,2025-01-01,979,85
SKU0168,WH041,2025-02-20,826,58
SKU0497,WH017,2025-02-08,514,89
SKU0170,WH042,2025-01-14,155,81
SKU0476,WH050,2025-02-02,814,32
SKU0259,WH018,2025-01-05,432,27
SKU0410,WH037,2025-03-02,527,19
SKU0045,WH020,2025-02-14,859,40
SKU0261,WH018,2025-01-13,639,93
SKU0473,WH023,2025-02-03,741,68
SKU0185,WH030,2025-02-02,603,46
SKU0316,WH007,2025-01-17,528,70
SKU0032,WH043,2025-03-01,951,73
SKU0172,WH029,2025-01-17,622,73
SKU0191,WH028,2025-02-16,978,54
SKU0381,WH039,2025-01-20,459,79
SKU0243,WH047,2025-01-06,651,60
SKU0252,WH027,2025-03-02,769,72
SKU0431,WH009,2025-01-19,312,26
SKU0365,WH012,2025-02-07,423,48
SKU0398,WH038,2025-02-17,564,47
SKU0261,WH033,2025-01-05,864,27
SKU0257,WH042,2025-02-27,445,90
SKU0142,WH028,2025-02-01,676,95
SKU0472,WH012,2025-01-17,625,35
SKU0394,WH009,2025-01-03,443,80
SKU0292,WH037,2025-01-31,891,83
SKU0469,WH035,2025-01-15,897,16
SKU0264,WH044,2025-02-12,960,78
SKU0442,WH031,2025-01-07,704,47
SKU0017,WH047,2025-02-12,589,26
SKU0060,WH048,2025-02-09,642,70
SKU0199,WH018,2025-02-26,819,37
SKU0413,WH011,2025-02-17,146,73
SKU0189,WH032,2025-02-10,211,43
SKU0157,WH013,2025-02-18,599,61
SKU0040,WH019,2025-02-10,201,18
SKU0183,WH034,2025-01-10,306,81
SKU0437,WH031,2025-01-07,433,79
SKU0093,WH006,2025-01-06,218,98
SKU0495,WH020,2025-02-26,556,61
SKU0269,WH049,2025-02-07,749,19
SKU0451,WH027,2025-01-17,369,90
SKU0112,WH025,2025-01-19,278,78
SKU0397,WH004,2025-02-14,976,86
SKU0304,WH023,2025-02-12,184,29
SKU0210,WH010,2025-01-24,185,85
SKU0202,WH015,2025-01-16,588,88
SKU0031,WH001,2025-01-15,617,76
SKU0171,WH039,2025-02-27,619,35
SKU0066,WH029,2025-02-16,655,51
SKU0033,WH005,2025-01-16,100,30
SKU0383,WH046,2025-01-30,874,73
SKU0271,WH026,2025-01-27,844,34
SKU0481,WH035,2025-02-25,400,48
SKU0384,WH023,2025-01-22,925,45
SKU0009,WH027,2025-01-07,141,30
SKU0174,WH022,2025-02-10,298,80
SKU0468,WH003,2025-02-25,304,46
SKU0153,WH003,2025-02-05,759,41
SKU0099,WH001,2025-03-02,429,76
SKU0206,WH033,2025-02-27,870,32
SKU0340,WH025,2025-01-19,319,82
SKU0161,WH003,2025-01-04,788,76
SKU0081,WH007,2025-01-13,875,49
SKU0256,WH049,2025-01-14,114,57
SKU0053,WH015,2025-03-01,803,28
SKU0243,WH013,2025-01-27,690,51
SKU0254,WH013,2025-02-15,740,17
SKU0184,WH046,2025-01-31,728,51
SKU0103,WH031,2025-01-07,214,83
SKU0330,WH006,2025-01-10,212,24
SKU0300,WH004,2025-01-28,712,16
SKU0336,WH042,2025-02-05,492,75
SKU0030,WH035,2025-02-25,958,41
SKU0374,WH043,2025-03-01,993,55
SKU0350,WH029,2025-01-10,764,65
SKU0462,WH014,2025-01-27,180,96
SKU0372,WH011,2025-01-21,825,50
SKU0214,WH047,2025-02-19,943,35
SKU0075,WH008,2025-03-01,501,17
SKU0323,WH043,2025-03-02,341,80
SKU0469,WH008,2025-01-16,739,10
SKU0310,WH022,2025-02-08,395,90
SKU0155,WH031,2025-02-15,203,85
SKU0081,WH047,2025-02-17,771,56
SKU0405,WH031,2025-02-13,980,16
SKU0147,WH046,2025-02-12,765,39
SKU0441,WH041,2025-01-26,563,17
SKU0255,WH040,2025-02-08,496,42
SKU0150,WH011,2025-01-12,230,86
SKU0017,WH012,2025-02-27,891,23
SKU0169,WH020,2025-01-07,725,60
SKU0185,WH034,2025-02-18,823,68
SKU0386,WH045,2025-01-23,186,56
SKU0015,WH040,2025-01-29,877,62
SKU0462,WH046,2025-01-16,597,41
SKU0227,WH049,2025-03-01,291,76
SKU0263,WH024,2025-02-21,687,59
SKU0386,WH006,2025-01-29,302,43
SKU0435,WH034,2025-02-21,892,22
SKU0073,WH048,2025-01-12,872,75
SKU0304,WH015,2025-02-07,932,93
SKU0139,WH026,2025-02-13,692,91
SKU0099,WH050,2025-02-24,459,88
SKU0408,WH042,2025-02-11,589,64
SKU0406,WH002,2025-01-02,541,27
SKU0444,WH033,2025-01-23,599,93
SKU0314,WH006,2025-02-02,173,65
SKU0076,WH014,2025-02-03,259,50
SKU0450,WH035,2025-02-06,548,78
SKU0320,WH047,2025-01-21,570,59
SKU0402,WH018,2025-03-01,706,84
SKU0125,WH028,2025-02-01,521,92
SKU0017,WH044,2025-01-20,580,79
SKU0165,WH031,2025-02-05,931,25
SKU0241,WH010,2025-01-08,124,91
SKU0376,WH014,2025-02-18,976,13
SKU0250,WH034,2025-02-25,487,99
SKU0380,WH007,2025-01-25,328,16
SKU0454,WH029,2025-01-09,655,63
SKU0075,WH011,2025-02-25,180,17
SKU0383,WH011,2025-02-01,742,28
SKU0298,WH047,2025-02-15,302,11
SKU0178,WH008,2025-01-13,799,98
SKU0021,WH032,2025-02-27,751,21
SKU0129,WH002,2025-02-12,900,55
SKU0496,WH016,2025-02-02,596,94
SKU0216,WH050,2025-02-17,641,64
SKU0399,WH032,2025-02-27,492,92
SKU0272,WH005,2025-02-15,516,43
SKU0094,WH043,2025-01-25,834,65
SKU0355,WH006,2025-02-10,596,42
SKU0451,WH026,2025-01-12,508,71
SKU0169,WH012,2025-01-04,116,91
SKU0241,WH034,2025-01-27,218,54
SKU0219,WH004,2025-01-12,751,52
SKU0144,WH043,2025-01-17,962,34
SKU0128,WH030,2025-01-09,114,64
SKU0257,WH007,2025-01-26,314,49
SKU0228,WH036,2025-01-31,950,50
SKU0072,WH031,2025-01-20,728,85
SKU0091,WH007,2025-01-01,647,61
SKU0168,WH017,2025-02-07,490,98
SKU0302,WH022,2025-02-24,332,30
SKU0150,WH009,2025-01-25,374,90
SKU0088,WH050,2025-02-25,682,44
SKU0214,WH003,2025-01-19,530,39
SKU0005,WH038,2025-02-02,259,95
SKU0049,WH039,2025-01-22,932,15
SKU0034,WH017,2025-01-06,829,45
SKU0469,WH012,2025-02-08,299,76
SKU0252,WH008,2025-02-16,309,22
SKU0024,WH002,2025-01-14,994,55
SKU0390,WH019,2025-01-30,700,85
SKU0099,WH038,2025-01-24,795,40
SKU0047,WH021,2025-01-07,356,98
SKU0491,WH018,2025-01-29,125,99
SKU0224,WH032,2025-01-16,378,10
SKU0036,WH024,2025-01-03,183,91
SKU0120,WH047,2025-02-06,828,40
SKU0126,WH008,2025-02-09,502,96
SKU0276,WH018,2025-02-28,905,85
SKU0347,WH040,2025-02-10,737,78
SKU0438,WH042,2025-01-25,503,100
SKU0303,WH039,2025-01-11,138,78
SKU0080,WH026,2025-01-06,603,73
SKU0222,WH007,2025-02-24,200,48
SKU0284,WH034,2025-01-17,961,89
SKU0206,WH025,2025-01-27,163,45
SKU0275,WH007,2025-02-24,539,33
SKU0163,WH031,2025-01-12,605,14
SKU0144,WH021,2025-01-03,219,12
SKU0455,WH029,2025-01-01,936,98
SKU0430,WH013,2025-01-26,614,90
SKU0439,WH036,2025-01-03,822,77
SKU0183,WH050,2025-02-04,454,17
SKU0042,WH013,2025-02-12,353,19
SKU0408,WH032,2025-01-26,812,89
SKU0380,WH020,2025-01-18,819,42
SKU0375,WH029,2025-01-11,941,58
SKU0180,WH041,2025-01-25,585,28
SKU0389,WH026,2025-02-17,927,84
SKU0055,WH037,2025-02-01,439,51
SKU0137,WH024,2025-01-27,725,21
SKU0383,WH025,2025-01-11,765,21
SKU0130,WH004,2025-02-24,927,22
SKU0436,WH022,2025-02-20,687,81
SKU0031,WH043,2025-01-28,136,99
SKU0090,WH026,2025-02-03,855,56
SKU0143,WH035,2025-02-26,565,84
SKU0050,WH045,2025-02-24,171,71
SKU0220,WH050,2025-01-03,299,57
SKU0320,WH014,2025-02-27,347,71
SKU0365,WH023,2025-01-27,901,96
SKU0113,WH005,2025-02-12,425,21
SKU0277,WH040,2025-02-09,327,29
SKU0449,WH030,2025-01-04,996,16
SKU0402,WH041,2025-01-31,399,88
SKU0154,WH019,2025-02-23,620,33
SKU0153,WH005,2025-01-06,476,72
SKU0371,WH029,2025-02-09,112,21
SKU0382,WH047,2025-02-23,437,40
SKU0353,WH045,2025-02-04,764,45
SKU0323,WH031,2025-01-08,201,84
SKU0496,WH047,2025-02-13,948,46
SKU0470,WH001,2025-02-06,461,91
SKU0269,WH016,2025-02-01,515,60
SKU0337,WH034,2025-01-21,442,14
SKU0380,WH040,2025-01-19,644,91
SKU0271,WH008,2025-01-20,221,87
SKU0117,WH023,2025-02-14,197,57
SKU0236,WH030,2025-01-11,130,71
SKU0159,WH018,2025-02-11,591,88
SKU0057,WH039,2025-02-08,861,74
SKU0075,WH011,2025-02-15,343,86
SKU0079,WH038,2025-02-17,848,70
SKU0339,WH021,2025-01-16,187,28
SKU0160,WH031,2025-01-12,855,15
SKU0018,WH036,2025-02-08,665,39
SKU0190,WH015,2025-01-02,823,73
SKU0457,WH023,2025-01-21,322,58
SKU0293,WH033,2025-01-26,896,78
SKU0209,WH026,2025-02-24,840,31
SKU0423,WH038,2025-02-18,411,53
SKU0254,WH049,2025-01-23,740,56
SKU0129,WH021,2025-02-15,709,31
SKU0170,WH044,2025-01-02,112,11
SKU0047,WH034,2025-02-16,467,44
SKU0071,WH004,2025-02-24,270,67
SKU0081,WH010,2025-02-28,881,55
SKU0008,WH018,2025-02-13,474,11
SKU0241,WH024,2025-02-11,933,65
SKU0375,WH012,2025-01-03,718,84
SKU0025,WH032,2025-02-18,147,54
SKU0176,WH046,2025-02-02,181,44
SKU0428,WH035,2025-02-20,651,87
SKU0366,WH036,2025-02-22,840,82
SKU0492,WH024,2025-02-12,512,92
SKU0140,WH007,2025-02-02,435,68
SKU0369,WH044,2025-02-15,807,68
SKU0220,WH030,2025-01-18,488,35
SKU0337,WH014,2025-02-23,825,34
SKU0358,WH031,2025-01-19,962,21
SKU0301,WH047,2025-01-26,904,94
SKU0070,WH047,2025-02-19,220,66
SKU0251,WH016,2025-02-16,651,59
SKU0166,WH032,2025-01-26,363,72
SKU0398,WH022,2025-01-18,960,17
SKU0029,WH028,2025-03-02,217,18
SKU0409,WH050,2025-01-06,823,28
SKU0489,WH034,2025-01-26,953,67
SKU0140,WH035,2025-02-16,291,49
SKU0076,WH044,2025-01-09,469,67
SKU0185,WH031,2025-01-29,116,21
SKU0389,WH010,2025-01-11,649,17
SKU0239,WH030,2025-02-24,784,84
SKU0049,WH036,2025-02-21,865,61
SKU0174,WH046,2025-01-29,616,25
SKU0277,WH041,2025-01-20,835,66
SKU0183,WH041,2025-02-01,534,10
SKU0373,WH028,2025-01-19,552,88
SKU0380,WH039,2025-01-06,284,27
SKU0176,WH029,2025-01-18,839,37
SKU0275,WH003,2025-01-17,640,64
SKU0417,WH023,2025-01-01,136,49
SKU0497,WH020,2025-01-16,148,34
SKU0123,WH040,2025-01-26,556,38
SKU0211,WH018,2025-01-10,619,21
SKU0122,WH048,2025-02-05,203,50
SKU0033,WH008,2025-03-02,131,55
SKU0276,WH010,2025-01-20,778,38
SKU0315,WH011,2025-02-24,399,59
SKU0244,WH035,2025-01-09,804,29
SKU0170,WH029,2025-01-02,727,10
SKU0212,WH039,2025-01-22,818,50
SKU0359,WH005,2025-01-27,307,38
SKU0020,WH034,2025-01-06,622,88
SKU0415,WH049,2025-01-16,313,72
SKU0429,WH004,2025-01-08,197,46
SKU0457,WH003,2025-01-04,732,32
SKU0080,WH039,2025-02-02,872,19
SKU0244,WH009,2025-01-30,787,62
SKU0478,WH022,2025-02-02,351,74
SKU0119,WH001,2025-01-07,947,47
SKU0249,WH049,2025-02-06,848,70
SKU0040,WH040,2025-03-01,971,69
SKU0192,WH045,2025-01-29,371,79
SKU0379,WH038,2025-02-15,603,54
SKU0147,WH038,2025-01-01,257,17
SKU0126,WH020,2025-01-18,129,21
SKU0001,WH036,2025-01-09,205,48
SKU0052,WH049,2025-02-18,789,71
SKU0024,WH047,2025-01-04,154,66
SKU0182,WH027,2025-01-06,921,55
SKU0198,WH002,2025-01-30,747,15
SKU0435,WH046,2025-01-24,469,83
SKU0125,WH003,2025-01-25,735,64
SKU0384,WH018,2025-02-11,722,13
SKU0268,WH001,2025-02-14,459,24
SKU0324,WH026,2025-01-05,250,13
SKU0090,WH041,2025-01-05,403,49
SKU0272,WH034,2025-02-11,369,68
SKU0449,WH041,2025-02-02,738,97
SKU0393,WH017,2025-02-09,966,12
SKU0156,WH033,2025-01-23,308,33
SKU0288,WH030,2025-02-14,274,31
SKU0109,WH025,2025-01-06,824,12
SKU0217,WH038,2025-01-25,843,67
SKU0343,WH048,2025-01-31,211,93
SKU0287,WH010,2025-02-22,877,50
SKU0473,WH003,2025-01-16,392,57
SKU0383,WH038,2025-02-05,380,100
SKU0363,WH011,2025-01-10,757,75
SKU0498,WH049,2025-01-31,867,31
SKU0076,WH003,2025-01-23,619,47
SKU0112,WH048,2025-02-27,860,38
SKU0095,WH005,2025-02-01,131,40
SKU0065,WH040,2025-01-24,405,39
SKU0404,WH020,2025-01-22,492,53
SKU0021,WH005,2025-02-22,396,20
SKU0036,WH002,2025-01-23,695,47
SKU0053,WH005,2025-01-17,886,67
SKU0500,WH004,2025-03-01,122,79
SKU0073,WH017,2025-01-23,339,72
SKU0233,WH039,2025-02-08,740,56
SKU0223,WH004,2025-01-31,294,31
SKU0290,WH032,2025-02-18,548,100
SKU0138,WH011,2025-01-09,857,63
SKU0135,WH009,2025-02-26,154,54
SKU0464,WH011,2025-02-12,570,98
SKU0391,WH001,2025-02-15,527,67
SKU0006,WH030,2025-02-20,190,23
SKU0028,WH011,2025-03-01,274,66
SKU0307,WH023,2025-02-10,994,45
SKU0484,WH027,2025-02-23,449,39
SKU0407,WH003,2025-02-24,987,85
SKU0268,WH029,2025-02-22,119,48
SKU0247,WH044,2025-01-18,376,91
SKU0357,WH002,2025-01-28,122,71
SKU0458,WH028,2025-02-02,205,40
SKU0093,WH004,2025-02-24,580,36
SKU0250,WH026,2025-01-19,353,61
SKU0392,WH039,2025-02-28,989,73
SKU0209,WH008,2025-01-04,113,27
SKU0492,WH006,2025-01-10,821,75
SKU0245,WH011,2025-02-11,783,80
SKU0064,WH012,2025-02-16,429,99
SKU0402,WH010,2025-01-10,912,87
SKU0362,WH004,2025-01-10,684,33
SKU0242,WH011,2025-03-01,705,27
SKU0180,WH026,2025-02-23,246,41
SKU0016,WH049,2025-02-02,763,27
SKU0325,WH038,2025-01-01,169,39
SKU0181,WH032,2025-01-19,945,56
SKU0101,WH043,2025-01-10,490,90
SKU0227,WH039,2025-02-05,129,57
SKU0434,WH046,2025-01-29,724,54
SKU0289,WH012,2025-01-26,234,13
SKU0199,WH006,2025-02-21,172,44
SKU0369,WH044,2025-02-15,761,35
SKU0098,WH016,2025-03-02,909,59
SKU0412,WH027,2025-01-04,299,70
SKU0174,WH039,2025-01-30,555,15
SKU0237,WH039,2025-01-31,266,42
SKU0463,WH022,2025-02-19,816,14
SKU0098,WH002,2025-02-26,651,68
SKU0455,WH012,2025-01-09,392,34
SKU0063,WH018,2025-01-23,104,57
SKU0415,WH001,2025-02-10,993,86
SKU0370,WH012,2025-02-19,801,56
SKU0472,WH031,2025-02-14,347,59
SKU0469,WH030,2025-02-10,436,10
SKU0369,WH028,2025-01-26,807,47
SKU0389,WH033,2025-01-19,581,35
SKU0168,WH050,2025-01-03,234,61
SKU0078,WH034,2025-01-21,911,66
SKU0346,WH041,2025-02-04,233,47
SKU0273,WH034,2025-01-26,354,99
SKU0458,WH016,2025-01-02,291,60
SKU0119,WH016,2025-01-27,604,97
SKU0255,WH048,2025-02-16,744,23
SKU0475,WH037,2025-02-27,937,62
SKU0366,WH006,2025-02-17,532,93
SKU0312,WH016,2025-02-18,339,38
SKU0290,WH022,2025-02-26,537,56
SKU0051,WH022,2025-02-03,353,66
SKU0068,WH015,2025-01-09,863,56
SKU0447,WH029,2025-01-01,547,78
SKU0434,WH014,2025-01-16,822,72
SKU0029,WH040,2025-01-18,128,73
SKU0161,WH040,2025-02-20,424,51
SKU0375,WH008,2025-02-22,483,14
SKU0340,WH006,2025-01-15,396,51
SKU0371,WH045,2025-02-01,595,96
SKU0437,WH001,2025-02-12,855,88
SKU0490,WH012,2025-01-22,905,53
SKU0324,WH017,2025-01-01,909,75
SKU0097,WH019,2025-02-21,693,66
SKU0120,WH031,2025-02-09,743,44
SKU0359,WH009,2025-01-21,555,82
SKU0133,WH033,2025-02-18,897,66
SKU0218,WH029,2025-02-03,813,72
SKU0108,WH019,2025-01-28,599,68
SKU0266,WH023,2025-01-12,553,95
SKU0112,WH003,2025-02-07,487,44
SKU0161,WH007,2025-01-28,905,55
SKU0312,WH017,2025-02-11,519,20
SKU0353,WH013,2025-01-13,584,33
SKU0301,WH012,2025-01-04,650,78
SKU0410,WH020,2025-02-15,895,28
SKU0428,WH018,2025-01-09,443,51
SKU0199,WH025,2025-01-08,826,67
SKU0072,WH016,2025-01-07,435,38
SKU0470,WH048,2025-03-02,122,94
SKU0285,WH003,2025-01-23,726,61
SKU0025,WH006,2025-02-02,693,13
SKU0430,WH015,2025-02-17,561,70
SKU0059,WH015,2025-01-26,726,22
SKU0020,WH044,2025-02-22,980,23
SKU0093,WH024,2025-01-10,272,32
SKU0159,WH037,2025-02-20,450,24
SKU0020,WH006,2025-02-11,386,63
SKU0023,WH027,2025-02-24,829,83
SKU0011,WH034,2025-02-10,231,64
SKU0269,WH048,2025-02-19,926,52
SKU0485,WH050,2025-02-17,736,89
SKU0184,WH014,2025-02-09,417,53
SKU0230,WH006,2025-01-16,538,31
SKU0490,WH047,2025-01-04,729,24
SKU0057,WH036,2025-02-04,397,36
SKU0225,WH033,2025-01-31,887,70
SKU0201,WH042,2025-02-01,111,47
SKU0280,WH050,2025-01-14,613,64
SKU0488,WH002,2025-01-23,681,28
SKU0384,WH024,2025-02-09,180,45
SKU0051,WH021,2025-01-21,850,10
SKU0282,WH002,2025-02-05,251,55
SKU0479,WH039,2025-02-07,292,10
SKU0003,WH050,2025-02-09,671,92
SKU0070,WH025,2025-01-26,936,10
SKU0402,WH018,2025-01-07,705,84
SKU0490,WH021,2025-01-15,238,40
SKU0468,WH048,2025-02-13,668,60
SKU0067,WH039,2025-03-01,836,78
SKU0097,WH020,2025-02-07,225,43
SKU0205,WH028,2025-02-15,587,59
SKU0095,WH046,2025-01-01,219,55
SKU0265,WH012,2025-02-22,646,26
SKU0308,WH027,2025-02-04,166,52
SKU0180,WH028,2025-01-18,200,58
SKU0029,WH031,2025-01-29,622,77
SKU0058,WH029,2025-02-06,622,24
SKU0084,WH033,2025-01-08,601,73
SKU0358,WH049,2025-01-25,795,31
SKU0233,WH032,2025-01-28,435,43
SKU0014,WH046,2025-01-31,290,49
SKU0384,WH024,2025-02-25,444,24
SKU0018,WH009,2025-01-25,472,74
SKU0221,WH025,2025-02-26,283,37
SKU0318,WH038,2025-02-18,822,88
SKU0439,WH019,2025-02-16,960,15
SKU0289,WH014,2025-01-16,495,39
SKU0012,WH037,2025-02-05,570,21
SKU0434,WH006,2025-01-17,717,89
SKU0064,WH020,2025-01-26,671,62
SKU0149,WH018,2025-02-26,548,45
SKU0403,WH045,2025-01-28,422,38
SKU0243,WH012,2025-01-16,916,64
SKU0120,WH006,2025-01-14,841,84
SKU0123,WH015,2025-02-26,711,48
SKU0104,WH047,2025-02-10,459,18
SKU0167,WH031,2025-01-22,917,68
SKU0112,WH036,2025-02-18,578,89
SKU0214,WH046,2025-02-16,695,45
SKU0500,WH001,2025-02-05,551,43
SKU0390,WH023,2025-01-12,606,61
SKU0067,WH011,2025-01-13,918,75
SKU0435,WH035,2025-01-12,281,13
SKU0010,WH030,2025-01-25,459,73
SKU0145,WH012,2025-02-19,191,66
SKU0101,WH047,2025-01-09,517,85
SKU0305,WH044,2025-02-11,393,45
SKU0377,WH043,2025-01-17,519,77
SKU0477,WH013,2025-02-23,791,20
SKU0487,WH042,2025-01-01,153,39
SKU0346,WH022,2025-02-02,640,79
SKU0189,WH040,2025-02-14,318,69
SKU0140,WH022,2025-02-06,500,35
SKU0044,WH015,2025-01-05,836,81
SKU0075,WH020,2025-01-15,453,79
SKU0278,WH041,2025-01-09,915,85
SKU0319,WH022,2025-01-06,248,10
SKU0154,WH036,2025-02-15,800,50
SKU0412,WH040,2025-02-02,598,36
SKU0037,WH046,2025-02-23,443,41
SKU0405,WH028,2025-01-01,367,72
SKU0358,WH044,2025-01-23,380,51
SKU0290,WH001,2025-01-30,712,52
SKU0144,WH044,2025-01-21,589,91
SKU0489,WH032,2025-02-03,291,78
SKU0269,WH015,2025-02-15,391,66
SKU0233,WH038,2025-02-18,550,60
SKU0403,WH048,2025-01-02,485,13
SKU0409,WH048,2025-02-02,331,54
SKU0491,WH023,2025-01-13,178,82
SKU0053,WH001,2025-02-07,355,48
SKU0105,WH047,2025-02-12,984,76
SKU0142,WH027,2025-02-20,933,90
SKU0005,WH032,2025-02-20,861,68
SKU0310,WH007,2025-01-27,577,20
SKU0032,WH046,2025-01-18,648,71
SKU0071,WH014,2025-01-20,486,92
SKU0057,WH012,2025-03-02,241,34
SKU0214,WH028,2025-02-10,942,81
SKU0370,WH023,2025-02-14,487,31
SKU0106,WH039,2025-02-28,591,22
SKU0350,WH028,2025-02-22,610,29
SKU0143,WH028,2025-01-14,450,100
SKU0379,WH029,2025-01-23,841,29
SKU0156,WH035,2025-02-05,923,12
SKU0192,WH031,2025-02-10,259,75
SKU0245,WH019,2025-03-02,963,59
SKU0344,WH026,2025-01-24,972,61
SKU0256,WH017,2025-01-01,732,45
SKU0118,WH040,2025-02-03,936,14
SKU0202,WH024,2025-02-05,661,92
SKU0032,WH020,2025-02-18,302,19
SKU0078,WH049,2025-01-04,183,36
SKU0158,WH036,2025-01-30,106,94
SKU0059,WH003,2025-01-08,345,61
SKU0266,WH022,2025-02-07,716,40
SKU0441,WH029,2025-01-09,447,14
SKU0065,WH018,2025-01-30,684,14
SKU0271,WH017,2025-01-08,833,41
SKU0463,WH005,2025-01-03,430,77
SKU0138,WH034,2025-01-24,321,71
SKU0247,WH025,2025-03-02,920,97
SKU0341,WH029,2025-02-04,325,15
SKU0360,WH027,2025-01-16,739,66
SKU0133,WH016,2025-01-03,358,82
SKU0092,WH036,2025-01-28,606,40
SKU0204,WH033,2025-02-19,165,21
SKU0116,WH021,2025-01-02,333,10
SKU0370,WH009,2025-01-02,705,59
SKU0364,WH007,2025-02-13,369,52
SKU0052,WH043,2025-01-14,543,90
SKU0058,WH022,2025-01-18,327,15
SKU0477,WH007,2025-02-12,832,21
SKU0022,WH008,2025-01-25,562,97
SKU0336,WH034,2025-02-27,603,48
SKU0416,WH046,2025-01-09,199,92
SKU0011,WH003,2025-01-11,148,32
SKU0213,WH020,2025-01-22,298,81
SKU0069,WH050,2025-01-29,637,100
SKU0225,WH045,2025-01-26,411,36
SKU0466,WH008,2025-01-21,503,85
SKU0048,WH018,2025-02-13,212,49
SKU0411,WH018,2025-01-27,387,43
SKU0453,WH003,2025-02-27,302,48
SKU0258,WH013,2025-01-22,946,44
SKU0396,WH011,2025-02-14,380,32
SKU0001,WH023,2025-02-04,911,22
SKU0262,WH038,2025-02-03,128,25
SKU0372,WH036,2025-02-22,511,89
SKU0049,WH046,2025-01-24,238,46
SKU0050,WH047,2025-02-21,651,96
SKU0344,WH019,2025-02-14,454,92
SKU0344,WH024,2025-02-13,637,21
SKU0112,WH006,2025-02-06,326,94
SKU0048,WH031,2025-02-11,792,37
SKU0433,WH008,2025-02-19,961,37
SKU0363,WH030,2025-02-01,961,72
SKU0393,WH011,2025-02-25,494,33
SKU0309,WH010,2025-02-22,253,30
SKU0027,WH030,2025-02-28,189,39
SKU0479,WH001,2025-01-25,943,84
SKU0060,WH018,2025-01-26,502,84
SKU0065,WH005,2025-02-19,371,40
SKU0194,WH009,2025-02-14,123,67
SKU0385,WH027,2025-02-14,926,98
SKU0120,WH005,2025-02-15,725,13
SKU0354,WH045,2025-02-26,391,94
SKU0141,WH047,2025-02-26,210,17
SKU0419,WH014,2025-01-02,347,91
SKU0391,WH019,2025-01-05,206,85
SKU0347,WH013,2025-02-01,217,20
SKU0021,WH010,2025-02-01,904,39
SKU0295,WH023,2025-02-03,584,45
SKU0289,WH050,2025-01-14,939,51
SKU0459,WH014,2025-02-14,685,19
SKU0467,WH048,2025-01-14,809,81
SKU0054,WH036,2025-01-21,612,12
SKU0094,WH020,2025-01-30,903,50
SKU0284,WH049,2025-01-30,215,67
SKU0317,WH026,2025-02-16,557,23
SKU0045,WH042,2025-02-18,774,76
SKU0280,WH042,2025-01-29,568,60
SKU0134,WH040,2025-01-30,268,63
SKU0262,WH027,2025-02-23,196,77
SKU0021,WH041,2025-01-27,678,85
SKU0039,WH032,2025-01-25,677,22
SKU0305,WH027,2025-01-03,971,95
SKU0404,WH004,2025-03-02,792,91
SKU0072,WH006,2025-01-24,649,35
SKU0075,WH022,2025-01-19,896,19
SKU0223,WH041,2025-02-15,471,71
SKU0488,WH032,2025-02-25,696,14
SKU0221,WH012,2025-01-13,795,55
SKU0311,WH004,2025-02-13,495,12
SKU0036,WH012,2025-01-18,301,84
SKU0263,WH028,2025-02-16,518,20
SKU0494,WH041,2025-01-15,563,81
SKU0353,WH030,2025-01-13,924,92
SKU0266,WH013,2025-02-20,725,23
SKU0069,WH032,2025-02-12,357,72
SKU0287,WH007,2025-02-27,815,29
SKU0457,WH003,2025-01-14,662,92
SKU0435,WH039,2025-01-14,771,96
SKU0011,WH018,2025-01-29,341,69
SKU0328,WH002,2025-01-09,415,30
SKU0055,WH017,2025-01-31,666,30
SKU0280,WH043,2025-02-08,479,10
SKU0050,WH029,2025-02-17,378,21
SKU0398,WH002,2025-01-17,993,93
SKU0295,WH036,2025-02-24,780,15
SKU0356,WH031,2025-02-17,271,98
SKU0336,WH032,2025-01-03,694,44
SKU0464,WH020,2025-01-21,399,64
SKU0254,WH039,2025-02-24,260,47
SKU0290,WH028,2025-02-11,949,10
SKU0360,WH043,2025-01-10,470,59
SKU0053,WH032,2025-01-01,696,100
SKU0275,WH031,2025-01-25,511,87
SKU0200,WH044,2025-02-09,916,99
SKU0241,WH017,2025-02-28,480,32
SKU0248,WH012,2025-01-02,411,23
SKU0024,WH020,2025-02-03,221,88
SKU0036,WH002,2025-02-06,376,92
SKU0037,WH008,2025-02-09,701,65
SKU0227,WH005,2025-01-01,539,96
SKU0134,WH046,2025-02-04,769,49
SKU0402,WH024,2025-02-27,145,56
SKU0485,WH004,2025-01-19,588,31
SKU0064,WH041,2025-02-05,445,30
SKU0209,WH043,2025-02-21,820,32
SKU0421,WH048,2025-01-24,762,72
SKU0124,WH008,2025-01-23,995,16
SKU0214,WH002,2025-02-13,936,66
SKU0398,WH045,2025-02-27,255,13
SKU0145,WH006,2025-01-03,156,17
SKU0437,WH029,2025-01-04,530,95
SKU0458,WH008,2025-01-15,283,75
SKU0318,WH002,2025-01-25,448,39
SKU0006,WH049,2025-01-28,139,59
SKU0125,WH047,2025-03-02,517,87
SKU0391,WH047,2025-02-19,827,35
SKU0178,WH042,2025-01-11,687,41
SKU0005,WH033,2025-01-03,444,34
SKU0177,WH012,2025-02-05,664,71
SKU0338,WH037,2025-01-27,388,95
SKU0335,WH045,2025-01-18,741,99
SKU0184,WH013,2025-02-17,403,89
SKU0202,WH038,2025-02-08,667,16
SKU0150,WH016,2025-01-25,973,44
SKU0130,WH013,2025-02-04,892,52
SKU0021,WH046,2025-01-15,151,47
SKU0407,WH023,2025-02-15,905,69
SKU0447,WH020,2025-02-15,697,34
SKU0485,WH015,2025-01-16,764,58
SKU0419,WH008,2025-03-01,138,54
SKU0100,WH023,2025-02-16,601,21
SKU0123,WH042,2025-01-26,654,44
SKU0009,WH002,2025-02-17,645,31
SKU0154,WH002,2025-02-10,891,64
SKU0041,WH008,2025-01-09,921,40
SKU0018,WH042,2025-01-21,124,51
SKU0186,WH016,2025-01-14,629,24
SKU0225,WH029,2025-02-04,513,62
SKU0103,WH009,2025-01-12,312,10
SKU0318,WH042,2025-02-07,195,27
SKU0101,WH009,2025-01-04,436,31
SKU0318,WH025,2025-02-25,448,94
SKU0010,WH048,2025-01-31,393,21
SKU0131,WH010,2025-01-16,568,43
SKU0466,WH044,2025-02-03,699,14
SKU0135,WH048,2025-02-28,325,91
SKU0358,WH030,2025-02-22,372,73
SKU0001,WH034,2025-01-06,938,34
SKU0149,WH026,2025-01-16,172,13
SKU0287,WH046,2025-01-24,344,36
SKU0040,WH025,2025-01-20,197,48
SKU0428,WH037,2025-02-02,180,40
SKU0292,WH049,2025-01-09,663,100
SKU0490,WH016,2025-02-14,957,43
SKU0389,WH011,2025-01-27,426,55
SKU0163,WH023,2025-01-15,767,40
SKU0084,WH027,2025-01-10,644,72
SKU0477,WH044,2025-01-24,463,71
SKU0389,WH050,2025-01-29,884,97
SKU0411,WH047,2025-02-17,208,36
SKU0455,WH005,2025-01-04,376,55
SKU0473,WH007,2025-02-26,961,56
SKU0308,WH032,2025-01-16,591,68
SKU0116,WH040,2025-01-11,334,26
SKU0164,WH047,2025-01-19,234,25
SKU0294,WH047,2025-03-01,582,30
SKU0327,WH031,2025-01-04,618,22
SKU0163,WH040,2025-01-14,579,29
SKU0368,WH047,2025-01-06,508,11
SKU0126,WH035,2025-02-26,264,24
SKU0148,WH010,2025-01-29,107,39
SKU0161,WH034,2025-02-02,234,78
SKU0188,WH041,2025-01-10,728,92
SKU0096,WH050,2025-02-07,168,41
SKU0231,WH013,2025-01-20,407,54
SKU0042,WH021,2025-01-21,489,80
SKU0159,WH047,2025-02-02,861,51
SKU0350,WH033,2025-01-12,555,74
SKU0200,WH015,2025-02-12,377,77
SKU0017,WH034,2025-01-03,736,32
SKU0190,WH039,2025-02-01,156,22
SKU0241,WH005,2025-02-21,536,84
SKU0361,WH019,2025-02-22,228,26
SKU0455,WH025,2025-01-02,536,37
SKU0111,WH017,2025-02-15,467,22
SKU0101,WH012,2025-02-03,238,81
SKU0276,WH026,2025-02-25,101,89
SKU0244,WH047,2025-02-02,809,90
SKU0351,WH035,2025-02-15,338,42
SKU0014,WH035,2025-01-07,112,35
SKU0349,WH013,2025-02-17,193,55
SKU0204,WH015,2025-02-04,309,15
SKU0111,WH040,2025-02-02,912,77
SKU0451,WH034,2025-02-20,682,53
SKU0457,WH018,2025-02-22,948,77
SKU0114,WH014,2025-02-07,398,66
SKU0004,WH046,2025-02-07,506,52
SKU0102,WH042,2025-02-09,605,52
SKU0363,WH043,2025-02-18,417,22
SKU0083,WH020,2025-02-22,987,12
SKU0500,WH009,2025-01-27,538,19
SKU0473,WH037,2025-02-25,273,84
SKU0232,WH030,2025-02-06,523,33
SKU0136,WH020,2025-02-19,641,32
SKU0213,WH025,2025-02-19,835,85
SKU0079,WH026,2025-02-23,150,15
SKU0048,WH008,2025-02-02,873,83
SKU0218,WH001,2025-01-31,371,41
SKU0369,WH031,2025-01-24,275,76
SKU0365,WH026,2025-02-24,229,79
SKU0106,WH006,2025-02-28,125,53
SKU0399,WH006,2025-01-10,352,11
SKU0243,WH002,2025-01-15,213,19
SKU0079,WH026,2025-02-03,825,92
SKU0037,WH008,2025-01-14,814,58
SKU0410,WH011,2025-03-02,779,41
SKU0376,WH014,2025-01-30,369,53
SKU0476,WH004,2025-01-28,303,21
SKU0411,WH037,2025-02-07,864,17
SKU0210,WH004,2025-01-08,593,40
SKU0058,WH031,2025-02-03,669,43
SKU0253,WH043,2025-02-28,444,55
SKU0031,WH045,2025-01-24,220,55
SKU0485,WH048,2025-02-15,192,98
SKU0273,WH041,2025-01-17,320,25
SKU0288,WH016,2025-01-09,380,96
SKU0404,WH042,2025-01-25,342,65
SKU0224,WH034,2025-01-05,150,79
SKU0141,WH012,2025-03-02,661,33
SKU0041,WH029,2025-01-17,535,48
SKU0167,WH032,2025-01-24,299,31
SKU0001,WH010,2025-02-26,110,87
SKU0283,WH039,2025-02-16,479,18
SKU0280,WH001,2025-02-01,799,83
SKU0032,WH020,2025-02-01,832,33
SKU0316,WH003,2025-02-06,749,18
SKU0484,WH023,2025-02-08,591,51
SKU0150,WH042,2025-02-15,905,24
SKU0115,WH001,2025-01-27,117,93
SKU0136,WH036,2025-01-20,410,87
SKU0360,WH001,2025-01-11,119,72
SKU0215,WH012,2025-01-20,519,61
SKU0107,WH006,2025-02-22,321,58
SKU0466,WH007,2025-01-15,860,14
SKU0181,WH039,2025-02-26,720,63
SKU0012,WH010,2025-01-08,658,94
SKU0114,WH039,2025-02-12,176,96
SKU0240,WH049,2025-01-10,713,52
SKU0070,WH011,2025-01-04,764,89
SKU0313,WH011,2025-02-11,534,76
SKU0187,WH050,2025-01-04,391,100
SKU0373,WH024,2025-01-23,353,12
SKU0113,WH043,2025-02-28,497,55
SKU0345,WH011,2025-01-31,566,77
SKU0246,WH046,2025-02-07,381,28
SKU0499,WH005,2025-01-29,903,77
SKU0056,WH024,2025-01-02,349,18
SKU0138,WH018,2025-01-15,862,75
SKU0474,WH037,2025-01-24,408,24
SKU0359,WH048,2025-01-11,709,35
SKU0008,WH028,2025-01-03,155,16
SKU0148,WH005,2025-02-07,456,55
SKU0481,WH034,2025-01-16,803,10
SKU0466,WH045,2025-01-26,976,95
SKU0070,WH018,2025-01-02,717,19
SKU0498,WH013,2025-01-06,710,54
SKU0251,WH023,2025-02-24,628,89
SKU0085,WH045,2025-01-17,856,18
SKU0190,WH004,2025-01-11,742,14
SKU0395,WH017,2025-01-15,614,66
SKU0305,WH032,2025-01-11,226,40
SKU0194,WH047,2025-01-29,759,35
SKU0165,WH012,2025-01-14,493,50
SKU0482,WH003,2025-02-05,627,62
SKU0262,WH024,2025-02-13,953,74
SKU0452,WH042,2025-01-02,179,82
SKU0194,WH018,2025-01-08,799,62
SKU0018,WH032,2025-02-01,388,87
SKU0437,WH015,2025-01-23,610,72
SKU0414,WH016,2025-02-14,456,85
SKU0177,WH023,2025-01-23,360,87
SKU0409,WH027,2025-01-08,552,94
SKU0479,WH034,2025-01-31,457,51
SKU0295,WH003,2025-01-19,740,74
SKU0297,WH009,2025-01-23,888,99
SKU0120,WH009,2025-01-25,407,46
SKU0402,WH036,2025-01-28,619,83
SKU0021,WH040,2025-01-10,704,79
SKU0420,WH011,2025-01-10,478,81
SKU0408,WH046,2025-01-21,684,24
SKU0023,WH002,2025-02-07,102,67
SKU0476,WH025,2025-01-15,676,98
SKU0173,WH049,2025-02-07,759,58
SKU0103,WH048,2025-02-14,909,39
SKU0324,WH037,2025-02-09,346,35
SKU0428,WH038,2025-01-04,286,87
SKU0031,WH027,2025-01-02,658,13
SKU0438,WH049,2025-01-17,273,56
SKU0016,WH045,2025-02-16,415,90
SKU0455,WH043,2025-01-24,275,74
SKU0025,WH002,2025-02-03,119,10
SKU0331,WH045,2025-01-28,907,69
SKU0282,WH042,2025-01-22,984,96
SKU0460,WH041,2025-01-21,256,50
SKU0240,WH011,2025-02-03,458,37
SKU0001,WH021,2025-01-19,892,78
SKU0419,WH038,2025-01-15,540,34
SKU0084,WH018,2025-01-28,521,19
SKU0166,WH018,2025-01-10,993,75
SKU0221,WH043,2025-02-23,753,83
SKU0495,WH023,2025-02-27,871,50
SKU0385,WH044,2025-02-08,212,19
SKU0396,WH017,2025-02-07,457,28
SKU0273,WH009,2025-01-06,192,13
SKU0390,WH044,2025-02-07,439,94
SKU0419,WH032,2025-01-26,454,92
SKU0232,WH022,2025-01-02,347,33
SKU0341,WH013,2025-03-01,678,79
SKU0062,WH013,2025-02-16,149,40
SKU0109,WH025,2025-01-11,928,60
SKU0113,WH024,2025-01-03,954,88
SKU0190,WH032,2025-02-17,584,86
SKU0157,WH044,2025-01-27,886,18
SKU0173,WH018,2025-02-12,180,45
SKU0295,WH018,2025-02-01,520,71
SKU0434,WH002,2025-01-26,935,26
SKU0341,WH034,2025-01-10,967,82
SKU0462,WH028,2025-02-09,675,62
SKU0271,WH045,2025-01-16,734,81
SKU0046,WH029,2025-02-06,260,100
SKU0349,WH015,2025-02-15,311,19
SKU0466,WH026,2025-01-01,767,11
SKU0373,WH007,2025-01-31,602,83
SKU0260,WH027,2025-01-02,566,25
SKU0006,WH050,2025-02-02,359,98
SKU0255,WH010,2025-02-19,1000,21
SKU0369,WH006,2025-02-16,552,39
SKU0085,WH006,2025-01-04,825,68
SKU0046,WH037,2025-02-01,179,61
SKU0491,WH035,2025-01-19,846,39
SKU0251,WH032,2025-01-17,753,67
SKU0410,WH049,2025-02-11,400,31
SKU0448,WH009,2025-02-05,688,13
SKU0252,WH015,2025-02-13,776,90
SKU0144,WH012,2025-02-19,513,72
SKU0493,WH012,2025-02-24,641,48
SKU0090,WH011,2025-01-15,330,11
SKU0144,WH039,2025-01-31,622,41
SKU0192,WH002,2025-01-19,625,92
SKU0489,WH019,2025-03-01,393,44
SKU0227,WH021,2025-02-11,698,90
SKU0390,WH032,2025-01-16,698,79
SKU0179,WH016,2025-01-28,597,41
SKU0240,WH044,2025-01-27,234,54
SKU0486,WH019,2025-01-10,182,25
SKU0091,WH040,2025-01-03,519,38
SKU0168,WH028,2025-02-22,416,22
SKU0439,WH038,2025-01-06,577,65
SKU0397,WH036,2025-02-28,491,37
SKU0133,WH013,2025-01-05,990,74
SKU0354,WH009,2025-02-20,124,48
SKU0234,WH017,2025-02-19,986,71
SKU0113,WH007,2025-01-26,757,76
SKU0057,WH023,2025-01-04,645,98
SKU0465,WH018,2025-01-27,213,79
SKU0321,WH048,2025-01-23,428,14
SKU0349,WH033,2025-01-22,306,94
SKU0237,WH020,2025-01-25,821,94
SKU0044,WH035,2025-01-14,759,18
SKU0011,WH035,2025-01-06,295,25
SKU0157,WH018,2025-02-17,253,19
SKU0087,WH007,2025-02-18,496,22
SKU0245,WH008,2025-01-07,863,83
SKU0462,WH010,2025-02-27,706,71
SKU0010,WH038,2025-02-21,295,87
SKU0236,WH018,2025-01-30,415,53
SKU0261,WH017,2025-01-18,299,27
SKU0111,WH001,2025-02-07,209,69
SKU0165,WH029,2025-02-27,597,73
SKU0456,WH012,2025-01-29,379,64
SKU0155,WH030,2025-02-25,138,42
SKU0241,WH003,2025-02-18,558,35
SKU0246,WH033,2025-01-29,397,90
SKU0239,WH024,2025-02-28,203,73
SKU0436,WH010,2025-01-10,472,55
SKU0360,WH019,2025-01-16,476,63
SKU0063,WH032,2025-01-07,195,32
SKU0276,WH003,2025-01-22,352,22
SKU0234,WH033,2025-02-20,255,66
SKU0183,WH021,2025-01-07,271,77
SKU0440,WH045,2025-01-14,566,57
SKU0137,WH045,2025-01-02,989,51
SKU0073,WH023,2025-01-20,941,49
SKU0183,WH041,2025-01-20,706,26
SKU0480,WH030,2025-01-31,177,37
SKU0063,WH047,2025-02-04,261,44
SKU0245,WH020,2025-01-12,252,36
SKU0237,WH014,2025-01-27,986,36
SKU0392,WH004,2025-02-01,500,20
SKU0241,WH043,2025-01-24,628,29
SKU0444,WH006,2025-02-18,183,62
SKU0026,WH042,2025-01-14,121,43
SKU0284,WH049,2025-02-23,652,70
SKU0013,WH049,2025-02-19,221,44
SKU0029,WH026,2025-01-31,856,18
SKU0277,WH009,2025-01-08,290,84
SKU0119,WH006,2025-02-04,498,47
SKU0129,WH003,2025-01-08,775,88
SKU0042,WH033,2025-02-20,714,31
SKU0059,WH013,2025-01-20,798,40
SKU0367,WH015,2025-01-24,723,56
SKU0005,WH022,2025-01-02,569,12
SKU0440,WH002,2025-02-08,822,28
SKU0296,WH005,2025-02-15,973,77
SKU0143,WH021,2025-01-21,961,36
SKU0312,WH035,2025-02-26,686,17
SKU0058,WH029,2025-01-20,572,52
SKU0167,WH032,2025-02-27,902,50
SKU0430,WH024,2025-02-17,736,50
SKU0218,WH019,2025-02-05,628,83
SKU0356,WH002,2025-02-14,128,93
SKU0159,WH040,2025-02-13,612,82
SKU0448,WH012,2025-01-05,364,41
SKU0488,WH027,2025-02-14,514,91
SKU0135,WH008,2025-01-17,299,65
SKU0432,WH019,2025-01-06,994,98
SKU0493,WH035,2025-02-10,385,61
SKU0203,WH031,2025-01-07,166,22
SKU0027,WH009,2025-02-13,888,38
SKU0119,WH046,2025-02-02,658,74
SKU0091,WH037,2025-01-06,288,46
SKU0460,WH006,2025-02-11,612,35
SKU0196,WH042,2025-02-10,629,24
SKU0141,WH040,2025-01-09,322,28
SKU0070,WH006,2025-02-11,688,76
SKU0156,WH008,2025-02-02,866,70
SKU0262,WH046,2025-01-28,558,39
SKU0199,WH033,2025-02-02,214,23
SKU0146,WH023,2025-02-01,406,100
SKU0347,WH032,2025-01-25,727,22
SKU0199,WH018,2025-01-06,974,92
SKU0344,WH013,2025-01-09,728,46
SKU0065,WH047,2025-01-06,840,10
SKU0185,WH038,2025-01-11,820,19
SKU0245,WH029,2025-01-20,372,91
SKU0323,WH033,2025-01-09,841,16
SKU0154,WH017,2025-02-07,965,99
SKU0200,WH020,2025-01-13,237,34
SKU0179,WH049,2025-01-06,266,65
SKU0374,WH022,2025-01-23,442,70
SKU0280,WH023,2025-02-21,922,29
SKU0075,WH014,2025-02-27,991,87
SKU0047,WH038,2025-01-17,988,26
SKU0275,WH025,2025-01-30,976,68
SKU0481,WH035,2025-02-21,830,78
SKU0346,WH015,2025-01-10,583,13
SKU0495,WH043,2025-02-04,384,84
SKU0282,WH016,2025-02-13,628,12
SKU0119,WH036,2025-02-15,202,34
SKU0295,WH047,2025-01-01,747,88
SKU0078,WH046,2025-01-22,117,45
SKU0484,WH015,2025-01-02,153,69
SKU0140,WH019,2025-02-15,346,57
SKU0048,WH022,2025-01-27,114,76
SKU0073,WH025,2025-02-03,296,64
SKU0481,WH035,2025-03-01,583,67
SKU0383,WH026,2025-01-15,589,59
SKU0154,WH009,2025-02-21,518,37
SKU0108,WH050,2025-01-11,829,82
SKU0249,WH028,2025-02-17,661,57
SKU0002,WH021,2025-02-06,758,21
SKU0193,WH024,2025-02-07,562,25
SKU0378,WH005,2025-02-04,190,41
SKU0056,WH032,2025-02-05,728,74
SKU0354,WH006,2025-01-17,759,20
SKU0140,WH029,2025-01-09,675,25
SKU0031,WH008,2025-01-16,448,54
SKU0171,WH036,2025-01-05,444,22
SKU0194,WH023,2025-02-12,800,27
SKU0435,WH031,2025-01-27,988,90
SKU0403,WH029,2025-01-16,891,16
SKU0257,WH023,2025-01-28,946,93
SKU0026,WH010,2025-01-11,811,56
SKU0280,WH036,2025-02-12,908,45
SKU0223,WH031,2025-01-14,495,47
SKU0233,WH004,2025-01-12,646,57
SKU0273,WH015,2025-01-05,576,83
SKU0464,WH032,2025-01-12,988,58
SKU0040,WH020,2025-01-25,218,17
SKU0395,WH008,2025-01-30,652,83
SKU0262,WH038,2025-01-07,500,95
SKU0367,WH015,2025-02-18,939,36
SKU0127,WH024,2025-02-22,240,52
SKU0397,WH024,2025-01-02,510,50
SKU0257,WH009,2025-01-14,956,29
SKU0290,WH004,2025-02-11,485,40
SKU0198,WH047,2025-02-20,462,48
SKU0215,WH036,2025-01-13,483,17
SKU0135,WH011,2025-01-14,488,45
SKU0172,WH029,2025-02-28,517,75
SKU0426,WH040,2025-02-13,953,15
SKU0078,WH025,2025-02-28,302,78
SKU0221,WH018,2025-02-16,647,98
SKU0244,WH025,2025-02-16,889,100
SKU0466,WH042,2025-02-06,845,31
SKU0218,WH016,2025-02-24,727,27
SKU0072,WH009,2025-02-16,780,64
SKU0462,WH013,2025-01-09,162,70
SKU0113,WH047,2025-01-16,800,52
SKU0359,WH034,2025-02-06,141,19
SKU0231,WH022,2025-01-06,401,94
SKU0197,WH019,2025-01-26,484,88
SKU0355,WH010,2025-02-13,308,43
SKU0308,WH042,2025-02-19,506,11
SKU0302,WH034,2025-01-23,281,33
SKU0460,WH041,2025-02-07,568,21
SKU0476,WH013,2025-02-10,518,87
SKU0072,WH017,2025-01-13,669,84
SKU0152,WH008,2025-01-19,244,93
SKU0083,WH027,2025-01-09,727,17
SKU0257,WH033,2025-02-13,725,39
SKU0150,WH042,2025-02-17,174,90
SKU0134,WH019,2025-01-12,149,59
SKU0324,WH031,2025-02-19,467,21
SKU0304,WH008,2025-01-19,448,15
SKU0435,WH020,2025-02-26,548,34
SKU0447,WH043,2025-01-16,186,21
SKU0402,WH040,2025-01-12,147,56
SKU0492,WH024,2025-02-13,486,44
SKU0335,WH006,2025-02-02,397,65
SKU0162,WH019,2025-02-23,806,46
SKU0193,WH006,2025-02-25,932,96
SKU0224,WH028,2025-02-25,863,25
SKU0125,WH041,2025-01-22,579,93
SKU0491,WH036,2025-01-27,204,34
SKU0232,WH003,2025-02-03,378,48
SKU0008,WH001,2025-01-20,699,85
SKU0020,WH041,2025-02-28,701,45
SKU0290,WH050,2025-02-26,915,43
SKU0248,WH012,2025-02-14,493,67
SKU0384,WH039,2025-01-21,791,43
SKU0179,WH023,2025-01-22,544,28
SKU0250,WH008,2025-01-24,217,58
SKU0181,WH002,2025-02-03,525,67
SKU0033,WH028,2025-02-24,649,29
SKU0116,WH025,2025-02-05,244,100
SKU0358,WH027,2025-02-09,267,58
SKU0371,WH027,2025-02-04,217,11
SKU0246,WH018,2025-02-15,831,25
SKU0264,WH043,2025-01-13,165,79
SKU0262,WH003,2025-02-23,693,38
SKU0082,WH041,2025-01-22,627,19
SKU0036,WH011,2025-02-26,282,100
SKU0311,WH002,2025-01-16,902,60
SKU0101,WH015,2025-02-24,302,19
SKU0164,WH020,2025-01-31,797,56
SKU0165,WH043,2025-02-22,678,12
SKU0086,WH044,2025-01-02,101,60
SKU0383,WH013,2025-02-06,200,42
SKU0326,WH020,2025-02-25,970,46
SKU0345,WH044,2025-02-25,530,30
SKU0315,WH041,2025-01-28,586,20
SKU0196,WH042,2025-01-21,335,70
SKU0056,WH049,2025-01-13,744,44
SKU0076,WH003,2025-01-31,310,75
SKU0482,WH019,2025-02-17,884,23
SKU0139,WH047,2025-02-22,617,63
SKU0411,WH042,2025-02-21,970,48
SKU0029,WH033,2025-02-09,985,71
SKU0041,WH035,2025-01-08,592,66
SKU0023,WH008,2025-02-12,249,31
SKU0215,WH015,2025-02-23,168,51
SKU0126,WH023,2025-01-02,875,41
SKU0363,WH029,2025-02-26,591,16
SKU0294,WH020,2025-02-19,670,32
SKU0003,WH049,2025-01-25,890,82
SKU0243,WH044,2025-02-20,165,90
SKU0421,WH040,2025-02-19,897,75
SKU0208,WH046,2025-02-09,938,42
SKU0382,WH025,2025-01-05,112,37
SKU0382,WH002,2025-01-13,854,78
SKU0217,WH025,2025-02-12,448,78
SKU0173,WH028,2025-01-27,465,40
SKU0104,WH049,2025-01-30,419,97
SKU0061,WH039,2025-01-11,454,99
SKU0114,WH028,2025-02-13,852,27
SKU0306,WH005,2025-01-17,263,73
SKU0197,WH049,2025-01-09,284,83
SKU0464,WH019,2025-01-04,779,75
SKU0324,WH020,2025-01-20,814,37
SKU0085,WH040,2025-02-11,131,74
SKU0088,WH037,2025-02-28,543,61
SKU0406,WH033,2025-01-27,804,23
SKU0309,WH020,2025-03-01,184,31
SKU0388,WH006,2025-02-27,119,20
SKU0362,WH034,2025-01-24,879,32
SKU0186,WH017,2025-02-22,197,24
SKU0229,WH015,2025-01-24,106,12
SKU0164,WH035,2025-01-27,558,20
SKU0381,WH038,2025-02-28,624,15
SKU0464,WH040,2025-01-23,556,22
SKU0414,WH037,2025-01-29,834,67
SKU0349,WH018,2025-01-24,102,50
SKU0053,WH042,2025-02-21,305,57
SKU0162,WH041,2025-02-08,256,16
SKU0212,WH026,2025-01-30,132,47
SKU0227,WH048,2025-01-15,951,74
SKU0486,WH041,2025-02-09,345,58
SKU0330,WH047,2025-02-18,421,10
SKU0475,WH032,2025-02-13,808,76
SKU0001,WH049,2025-03-01,851,63
SKU0126,WH024,2025-02-26,854,65
SKU0411,WH019,2025-02-11,235,61
SKU0362,WH048,2025-03-02,617,63
SKU0181,WH048,2025-02-20,720,93
SKU0255,WH048,2025-01-03,804,68
SKU0020,WH040,2025-01-09,921,34
SKU0150,WH032,2025-02-05,654,15
SKU0098,WH025,2025-01-07,873,14
SKU0083,WH009,2025-02-04,451,57
SKU0143,WH040,2025-02-06,227,94
SKU0423,WH037,2025-02-04,813,58
SKU0373,WH019,2025-03-02,267,43
SKU0089,WH027,2025-01-27,570,96
SKU0136,WH039,2025-02-06,242,80
SKU0229,WH037,2025-01-10,941,23
SKU0340,WH043,2025-01-07,522,45
SKU0006,WH042,2025-02-25,970,27
SKU0408,WH019,2025-01-25,924,97
SKU0108,WH025,2025-02-14,770,54
SKU0266,WH006,2025-01-07,358,16
SKU0178,WH036,2025-02-12,262,30
SKU0345,WH017,2025-01-17,901,80
SKU0230,WH043,2025-02-04,598,97
SKU0301,WH029,2025-02-28,167,28
SKU0416,WH010,2025-01-25,414,66
SKU0035,WH036,2025-02-05,903,51
SKU0351,WH027,2025-01-10,397,39
SKU0070,WH029,2025-01-31,657,89
SKU0396,WH032,2025-02-07,703,83
SKU0027,WH029,2025-02-23,645,35
SKU0097,WH008,2025-02-06,713,49
SKU0459,WH002,2025-01-19,127,61
SKU0498,WH045,2025-02-17,582,70
SKU0292,WH011,2025-01-23,625,70
SKU0154,WH038,2025-02-28,309,43
SKU0239,WH005,2025-01-24,456,90
SKU0468,WH002,2025-01-23,187,18
SKU0198,WH021,2025-02-07,496,67
SKU0372,WH005,2025-02-07,989,29
SKU0243,WH028,2025-01-03,480,76
SKU0178,WH050,2025-02-02,204,70
SKU0227,WH027,2025-02-14,908,81
SKU0373,WH003,2025-01-06,394,61
SKU0250,WH031,2025-02-06,114,48
SKU0242,WH042,2025-02-01,914,64
SKU0411,WH050,2025-01-20,468,99
SKU0261,WH019,2025-01-22,132,36
SKU0353,WH005,2025-01-25,170,18
SKU0124,WH013,2025-01-04,766,96
SKU0241,WH039,2025-01-01,789,60
SKU0087,WH043,2025-02-19,385,65
SKU0287,WH004,2025-02-26,573,88
SKU0426,WH025,2025-01-28,438,85
SKU0239,WH001,2025-01-06,267,92
SKU0332,WH032,2025-01-31,750,29
SKU0163,WH005,2025-01-21,730,32
SKU0333,WH019,2025-02-13,395,69
SKU0200,WH038,2025-01-12,121,77
SKU0109,WH045,2025-02-16,507,55
SKU0068,WH040,2025-01-16,471,82
SKU0350,WH029,2025-01-26,491,59
SKU0013,WH001,2025-01-01,315,38
SKU0409,WH002,2025-02-12,768,71
SKU0414,WH016,2025-01-22,333,86
SKU0170,WH030,2025-01-12,988,30
SKU0019,WH032,2025-01-06,346,69
SKU0260,WH022,2025-01-23,757,98
SKU0419,WH002,2025-01-11,558,52
SKU0335,WH003,2025-01-29,801,25
SKU0041,WH023,2025-02-15,828,19
SKU0316,WH046,2025-03-02,832,100
SKU0375,WH050,2025-02-20,102,40
SKU0398,WH038,2025-02-28,942,47
SKU0024,WH007,2025-01-04,768,15
SKU0445,WH042,2025-01-11,102,40
SKU0445,WH013,2025-01-27,853,14
SKU0414,WH010,2025-01-05,120,92
SKU0318,WH015,2025-01-16,455,52
SKU0152,WH006,2025-03-02,771,81
SKU0375,WH004,2025-01-07,519,49
SKU0386,WH027,2025-01-16,366,63
SKU0075,WH009,2025-02-13,300,82
SKU0029,WH021,2025-02-20,247,39
SKU0403,WH020,2025-01-25,392,96
SKU0349,WH041,2025-01-08,293,88
SKU0437,WH022,2025-01-17,650,72
SKU0372,WH009,2025-01-08,777,31
SKU0141,WH030,2025-01-02,886,17
SKU0372,WH037,2025-01-14,832,13
SKU0146,WH033,2025-02-10,399,35
SKU0324,WH026,2025-02-10,590,96
SKU0025,WH026,2025-01-30,784,89
SKU0204,WH033,2025-01-04,634,34
SKU0283,WH001,2025-02-18,421,88
SKU0277,WH009,2025-02-09,893,80
SKU0315,WH008,2025-01-07,308,52
SKU0203,WH020,2025-02-15,148,49
SKU0299,WH015,2025-02-10,685,10
SKU0341,WH002,2025-02-07,161,39
SKU0183,WH028,2025-01-31,959,17
SKU0412,WH005,2025-01-28,964,93
SKU0345,WH014,2025-01-03,471,53
SKU0307,WH006,2025-02-27,409,13
SKU0349,WH034,2025-01-17,208,29
SKU0172,WH016,2025-02-08,839,77
SKU0159,WH033,2025-03-01,695,67
SKU0488,WH010,2025-02-11,878,10
SKU0198,WH048,2025-03-01,951,90
SKU0241,WH003,2025-01-28,622,50
SKU0470,WH018,2025-01-02,758,93
SKU0250,WH002,2025-01-10,411,77
SKU0006,WH035,2025-02-16,415,67
SKU0484,WH004,2025-01-28,802,82
SKU0369,WH014,2025-02-14,394,85
SKU0007,WH033,2025-01-18,705,71
SKU0377,WH042,2025-02-04,604,43
SKU0001,WH022,2025-01-03,519,85
SKU0074,WH044,2025-02-10,151,40
SKU0060,WH003,2025-01-18,979,96
SKU0262,WH016,2025-02-27,673,51
SKU0076,WH024,2025-01-28,314,10
SKU0375,WH034,2025-01-01,870,78
SKU0080,WH003,2025-02-11,175,23
SKU0014,WH034,2025-01-04,452,15
SKU0175,WH026,2025-03-01,302,39
SKU0420,WH017,2025-01-27,508,61
SKU0345,WH015,2025-01-21,993,75
SKU0469,WH030,2025-02-11,899,12
SKU0062,WH026,2025-01-29,302,87
SKU0348,WH032,2025-01-23,858,67
SKU0399,WH047,2025-02-24,525,37
SKU0159,WH026,2025-02-21,814,68
SKU0474,WH029,2025-01-19,864,85
SKU0330,WH026,2025-02-07,492,81
SKU0410,WH024,2025-02-24,194,41
SKU0372,WH028,2025-01-06,752,87
SKU0093,WH029,2025-01-27,931,58
SKU0386,WH035,2025-02-22,683,91
SKU0068,WH014,2025-02-02,786,84
SKU0494,WH045,2025-01-01,140,12
SKU0228,WH009,2025-01-08,196,50
SKU0059,WH002,2025-01-25,659,47
SKU0424,WH044,2025-02-19,191,10
SKU0148,WH044,2025-02-20,973,14
SKU0416,WH028,2025-02-21,504,13
SKU0399,WH018,2025-01-26,760,98
SKU0354,WH033,2025-01-29,169,45
SKU0087,WH047,2025-02-15,877,71
SKU0233,WH038,2025-01-22,713,73
SKU0404,WH017,2025-02-05,559,44
SKU0303,WH040,2025-01-29,950,91
SKU0077,WH026,2025-02-15,552,80
SKU0070,WH025,2025-02-20,748,86
SKU0416,WH033,2025-01-06,632,25
SKU0098,WH023,2025-01-17,997,33
SKU0455,WH019,2025-01-06,300,52
SKU0302,WH038,2025-01-10,980,36
SKU0195,WH018,2025-01-07,754,49
SKU0297,WH022,2025-01-28,424,31
SKU0490,WH042,2025-01-28,358,46
SKU0214,WH049,2025-02-25,741,95
SKU0203,WH002,2025-02-12,145,34
SKU0058,WH028,2025-02-07,510,28
SKU0256,WH011,2025-01-09,492,79
SKU0009,WH011,2025-02-21,935,10
SKU0244,WH005,2025-02-12,348,44
SKU0341,WH029,2025-01-01,267,36
SKU0411,WH040,2025-01-25,341,79
SKU0232,WH026,2025-01-21,989,50
SKU0347,WH028,2025-01-24,411,88
SKU0307,WH046,2025-02-19,256,89
SKU0432,WH049,2025-02-09,379,51
SKU0365,WH047,2025-01-31,749,92
SKU0322,WH048,2025-01-02,332,80
SKU0475,WH032,2025-01-21,805,88
SKU0151,WH027,2025-01-19,925,80
SKU0163,WH003,2025-02-08,899,96
SKU0294,WH044,2025-02-22,591,85
SKU0278,WH028,2025-01-01,733,17
SKU0236,WH043,2025-02-21,250,13
SKU0445,WH018,2025-01-08,287,52
SKU0303,WH016,2025-02-17,279,53
SKU0126,WH016,2025-02-23,260,24
SKU0364,WH027,2025-02-27,688,52
SKU0149,WH020,2025-01-08,659,72
SKU0007,WH041,2025-01-26,954,36
SKU0227,WH016,2025-02-24,288,25
SKU0330,WH050,2025-02-10,167,21
SKU0467,WH034,2025-03-02,120,78
SKU0329,WH040,2025-02-02,984,21
SKU0463,WH043,2025-02-23,927,66
SKU0052,WH047,2025-01-10,802,83
SKU0296,WH021,2025-02-11,268,36
SKU0156,WH010,2025-01-31,139,69
SKU0312,WH024,2025-02-26,772,98
SKU0329,WH018,2025-01-22,287,63
SKU0260,WH049,2025-01-28,627,23
SKU0433,WH048,2025-02-08,140,77
SKU0369,WH047,2025-02-28,603,73
SKU0045,WH026,2025-02-09,934,86
SKU0419,WH015,2025-02-26,156,20
SKU0063,WH002,2025-02-09,372,32
SKU0078,WH009,2025-03-02,860,65
SKU0264,WH035,2025-02-07,500,13
SKU0246,WH050,2025-01-07,427,94
SKU0278,WH021,2025-03-02,263,77
SKU0338,WH016,2025-01-02,150,79
SKU0465,WH006,2025-02-10,285,83
SKU0252,WH006,2025-01-30,697,94
SKU0087,WH027,2025-01-02,539,57
SKU0139,WH007,2025-01-15,242,59
SKU0059,WH034,2025-01-14,469,84
SKU0411,WH011,2025-01-23,329,54
SKU0210,WH017,2025-01-08,660,93
SKU0469,WH023,2025-02-27,510,84
SKU0198,WH049,2025-03-01,563,56
SKU0235,WH003,2025-01-29,103,37
SKU0358,WH002,2025-01-18,623,48
SKU0303,WH035,2025-01-09,690,27
SKU0151,WH043,2025-02-21,277,74
SKU0341,WH046,2025-03-02,779,30
SKU0193,WH045,2025-01-15,631,96
SKU0195,WH011,2025-01-07,258,16
SKU0336,WH014,2025-02-26,283,63
SKU0332,WH042,2025-01-26,152,56
SKU0404,WH001,2025-02-06,719,37
SKU0378,WH006,2025-02-05,938,67
SKU0041,WH026,2025-02-13,921,95
SKU0246,WH015,2025-01-19,207,17
SKU0196,WH013,2025-02-06,195,56
SKU0123,WH036,2025-02-02,466,42
SKU0018,WH006,2025-02-11,583,89
SKU0294,WH029,2025-01-05,789,23
SKU0449,WH011,2025-01-05,523,25
SKU0373,WH042,2025-02-28,743,37
SKU0403,WH008,2025-01-27,902,13
SKU0150,WH035,2025-02-25,164,14
SKU0068,WH005,2025-02-03,864,81
SKU0301,WH043,2025-02-13,815,83
SKU0199,WH029,2025-02-26,252,86
SKU0280,WH046,2025-01-10,348,58
SKU0227,WH021,2025-02-23,458,38
SKU0361,WH024,2025-01-07,156,67
SKU0345,WH017,2025-01-12,723,57
SKU0462,WH049,2025-01-16,183,64
SKU0386,WH041,2025-01-23,626,66
SKU0112,WH032,2025-02-28,391,70
SKU0488,WH010,2025-02-28,758,67
SKU0443,WH031,2025-02-07,164,38
SKU0451,WH044,2025-02-01,729,18
SKU0169,WH045,2025-01-03,902,79
SKU0056,WH032,2025-01-10,909,56
SKU0029,WH025,2025-01-17,700,53
SKU0468,WH011,2025-01-06,572,31
SKU0281,WH048,2025-01-16,349,66
SKU0065,WH044,2025-02-09,436,98
SKU0002,WH005,2025-03-01,817,47
SKU0422,WH035,2025-01-29,155,14
SKU0391,WH030,2025-01-17,418,43
SKU0392,WH048,2025-02-17,183,43
SKU0316,WH027,2025-02-17,799,10
SKU0422,WH004,2025-01-27,309,71
SKU0258,WH030,2025-03-01,788,74
SKU0223,WH004,2025-01-16,641,24
SKU0384,WH002,2025-03-02,417,53
SKU0094,WH021,2025-02-24,896,95
SKU0499,WH048,2025-02-14,903,71
SKU0007,WH036,2025-02-03,861,51
SKU0348,WH031,2025-01-23,738,48
SKU0010,WH025,2025-01-22,456,38
SKU0240,WH012,2025-01-14,106,90
SKU0169,WH050,2025-01-14,990,76
SKU0105,WH017,2025-01-16,360,76
SKU0065,WH008,2025-01-17,103,80
SKU0095,WH032,2025-02-09,777,78
SKU0444,WH041,2025-01-08,756,96
SKU0289,WH027,2025-01-09,136,15
SKU0175,WH037,2025-01-18,409,79
SKU0425,WH008,2025-02-28,419,92
SKU0326,WH049,2025-01-19,527,69
SKU0192,WH025,2025-01-30,825,91
SKU0168,WH014,2025-02-27,791,64
SKU0449,WH006,2025-01-04,265,25
SKU0199,WH001,2025-01-09,586,99
SKU0171,WH007,2025-02-28,859,71
SKU0482,WH007,2025-02-15,538,77
SKU0476,WH048,2025-02-23,854,41
SKU0091,WH021,2025-01-06,649,31
SKU0223,WH031,2025-01-12,195,13
SKU0327,WH034,2025-02-17,944,97
