sku_id,warehouse_id,date,inventory_level
SKU0002,WH008,2025-01-16,846
SKU0016,WH048,2025-01-30,908
SKU0373,WH038,2025-02-11,763
SKU0358,WH045,2025-02-23,785
SKU0061,WH008,2025-02-10,558
SKU0069,WH027,2025-02-01,382
SKU0460,WH015,2025-02-08,162
SKU0276,WH034,2025-01-23,480
SKU0003,WH003,2025-01-25,434
SKU0257,WH037,2025-01-07,536
SKU0049,WH001,2025-02-12,899
SKU0139,WH047,2025-02-18,784
SKU0291,WH038,2025-01-10,519
SKU0307,WH022,2025-02-02,371
SKU0446,WH032,2025-02-24,381
SKU0483,WH001,2025-02-02,711
SKU0475,WH046,2025-01-04,343
SKU0297,WH042,2025-02-14,450
SKU0211,WH025,2025-02-19,319
SKU0257,WH015,2025-02-19,502
SKU0105,WH002,2025-02-15,575
SKU0203,WH013,2025-01-07,743
SKU0407,WH001,2025-02-25,720
SKU0084,WH035,2025-03-02,602
SKU0268,WH037,2025-01-13,256
SKU0169,WH037,2025-02-18,445
SKU0121,WH015,2025-03-02,833
SKU0039,WH040,2025-02-21,742
SKU0453,WH005,2025-02-21,125
SKU0301,WH009,2025-01-12,314
SKU0373,WH048,2025-01-14,992
SKU0304,WH015,2025-02-08,240
SKU0013,WH025,2025-02-28,935
SKU0025,WH041,2025-01-11,955
SKU0109,WH015,2025-01-15,386
SKU0376,WH004,2025-02-07,283
SKU0168,WH006,2025-02-06,594
SKU0276,WH001,2025-01-02,728
SKU0160,WH019,2025-02-05,682
SKU0366,WH016,2025-02-19,456
SKU0199,WH032,2025-01-13,608
SKU0099,WH037,2025-01-23,791
SKU0367,WH005,2025-02-06,324
SKU0300,WH018,2025-01-26,353
SKU0104,WH008,2025-02-12,536
SKU0105,WH032,2025-02-09,259
SKU0250,WH007,2025-02-26,279
SKU0337,WH035,2025-02-19,274
SKU0213,WH022,2025-01-31,573
SKU0164,WH020,2025-01-24,917
SKU0489,WH001,2025-01-08,117
SKU0477,WH035,2025-02-17,641
SKU0041,WH005,2025-02-22,761
SKU0019,WH049,2025-02-20,597
SKU0152,WH033,2025-02-27,691
SKU0022,WH038,2025-01-31,146
SKU0367,WH031,2025-02-13,550
SKU0089,WH031,2025-02-14,265
SKU0073,WH046,2025-02-03,416
SKU0244,WH008,2025-02-11,687
SKU0254,WH001,2025-01-10,244
SKU0429,WH041,2025-02-04,367
SKU0006,WH046,2025-02-27,869
SKU0300,WH003,2025-01-07,306
SKU0098,WH027,2025-02-13,448
SKU0025,WH047,2025-01-25,524
SKU0038,WH048,2025-02-07,273
SKU0481,WH019,2025-01-11,862
SKU0079,WH038,2025-02-25,665
SKU0143,WH014,2025-02-13,532
SKU0172,WH029,2025-01-17,622
SKU0304,WH023,2025-02-12,184
SKU0383,WH046,2025-01-30,874
SKU0178,WH008,2025-01-13,799
SKU0169,WH012,2025-01-04,116
SKU0257,WH007,2025-01-26,314
SKU0072,WH031,2025-01-20,728
SKU0275,WH007,2025-02-24,539
SKU0183,WH050,2025-02-04,454
SKU0057,WH039,2025-02-08,861
SKU0160,WH031,2025-01-12,855
SKU0293,WH033,2025-01-26,896
SKU0241,WH024,2025-02-11,933
SKU0070,WH047,2025-02-19,220
SKU0166,WH032,2025-01-26,363
SKU0140,WH035,2025-02-16,291
SKU0183,WH041,2025-02-01,534
SKU0272,WH034,2025-02-11,369
SKU0093,WH004,2025-02-24,580
SKU0389,WH033,2025-01-19,581
SKU0340,WH006,2025-01-15,396
SKU0470,WH048,2025-03-02,122
SKU0025,WH006,2025-02-02,693
SKU0430,WH015,2025-02-17,561
SKU0059,WH015,2025-01-26,726
SKU0485,WH050,2025-02-17,736
SKU0070,WH025,2025-01-26,936
SKU0112,WH036,2025-02-18,578
SKU0290,WH001,2025-01-30,712
SKU0491,WH023,2025-01-13,178
SKU0214,WH028,2025-02-10,942
SKU0266,WH022,2025-02-07,716
SKU0116,WH021,2025-01-02,333
SKU0466,WH008,2025-01-21,503
SKU0453,WH003,2025-02-27,302
SKU0048,WH031,2025-02-11,792
SKU0021,WH010,2025-02-01,904
SKU0353,WH030,2025-01-13,924
SKU0055,WH017,2025-01-31,666
SKU0360,WH043,2025-01-10,470
SKU0241,WH017,2025-02-28,480
SKU0248,WH012,2025-01-02,411
SKU0338,WH037,2025-01-27,388
SKU0021,WH046,2025-01-15,151
SKU0018,WH042,2025-01-21,124
SKU0135,WH048,2025-02-28,325
SKU0358,WH030,2025-02-22,372
SKU0001,WH034,2025-01-06,938
SKU0294,WH047,2025-03-01,582
SKU0111,WH017,2025-02-15,467
SKU0351,WH035,2025-02-15,338
SKU0079,WH026,2025-02-03,825
SKU0295,WH003,2025-01-19,740
SKU0408,WH046,2025-01-21,684
SKU0173,WH049,2025-02-07,759
SKU0295,WH018,2025-02-01,520
SKU0046,WH037,2025-02-01,179
SKU0448,WH009,2025-02-05,688
SKU0241,WH043,2025-01-24,628
SKU0296,WH005,2025-02-15,973
SKU0143,WH021,2025-01-21,961
SKU0026,WH010,2025-01-11,811
SKU0397,WH024,2025-01-02,510
SKU0462,WH013,2025-01-09,162
SKU0134,WH019,2025-01-12,149
SKU0304,WH008,2025-01-19,448
SKU0196,WH042,2025-01-21,335
SKU0294,WH020,2025-02-19,670
SKU0349,WH018,2025-01-24,102
SKU0098,WH025,2025-01-07,873
SKU0351,WH027,2025-01-10,397
SKU0250,WH031,2025-02-06,114
SKU0332,WH032,2025-01-31,750
SKU0335,WH003,2025-01-29,801
SKU0403,WH020,2025-01-25,392
SKU0283,WH001,2025-02-18,421
SKU0341,WH002,2025-02-07,161
SKU0307,WH006,2025-02-27,409
SKU0375,WH034,2025-01-01,870
SKU0098,WH023,2025-01-17,997
SKU0151,WH027,2025-01-19,925
SKU0260,WH049,2025-01-28,627
SKU0139,WH007,2025-01-15,242
SKU0341,WH046,2025-03-02,779
SKU0065,WH008,2025-01-17,103
SKU0471,WH024,2025-02-04,325
SKU0498,WH016,2025-02-08,188
SKU0073,WH014,2025-02-15,493
SKU0140,WH013,2025-02-20,901
SKU0446,WH036,2025-02-23,908
SKU0166,WH032,2025-02-10,745
SKU0165,WH043,2025-01-28,112
SKU0376,WH045,2025-01-15,224
SKU0498,WH032,2025-02-09,273
SKU0113,WH047,2025-02-22,491
SKU0257,WH022,2025-01-12,973
SKU0343,WH032,2025-02-19,1000
SKU0046,WH031,2025-02-18,355
SKU0211,WH013,2025-01-14,553
SKU0362,WH012,2025-02-05,577
SKU0387,WH015,2025-02-12,588
SKU0095,WH016,2025-01-22,241
SKU0129,WH016,2025-02-19,778
SKU0325,WH022,2025-01-03,169
SKU0019,WH036,2025-02-23,473
SKU0362,WH044,2025-02-18,667
SKU0485,WH011,2025-02-21,856
SKU0454,WH020,2025-02-03,150
SKU0257,WH035,2025-02-15,329
SKU0136,WH004,2025-01-09,135
SKU0499,WH021,2025-02-13,482
SKU0131,WH009,2025-01-28,843
SKU0332,WH028,2025-01-14,461
SKU0424,WH001,2025-01-24,437
SKU0261,WH032,2025-01-05,151
SKU0212,WH011,2025-01-23,397
SKU0089,WH037,2025-01-07,123
SKU0466,WH045,2025-01-28,246
SKU0161,WH025,2025-01-24,649
SKU0408,WH039,2025-02-23,763
SKU0374,WH002,2025-02-07,118
SKU0264,WH011,2025-02-07,824
SKU0277,WH015,2025-01-29,164
SKU0052,WH043,2025-02-19,586
SKU0024,WH007,2025-01-29,366
SKU0049,WH046,2025-01-09,943
SKU0096,WH020,2025-01-29,385
SKU0393,WH036,2025-02-10,206
SKU0265,WH027,2025-01-14,484
SKU0207,WH014,2025-01-12,848
SKU0151,WH016,2025-01-12,409
SKU0162,WH036,2025-01-22,578
SKU0439,WH048,2025-01-06,297
SKU0205,WH013,2025-02-14,300
SKU0393,WH027,2025-02-21,597
SKU0052,WH011,2025-01-30,117
SKU0045,WH035,2025-02-01,742
SKU0044,WH013,2025-01-25,110
SKU0385,WH021,2025-02-20,468
SKU0054,WH043,2025-03-02,175
SKU0411,WH009,2025-02-22,989
SKU0059,WH043,2025-01-06,977
SKU0242,WH047,2025-01-31,377
SKU0443,WH025,2025-02-06,167
SKU0378,WH042,2025-01-07,865
SKU0348,WH028,2025-01-20,181
SKU0278,WH019,2025-01-24,814
SKU0149,WH037,2025-02-10,454
SKU0409,WH014,2025-01-04,422
SKU0381,WH044,2025-01-03,985
SKU0214,WH046,2025-01-17,410
SKU0181,WH004,2025-02-02,853
SKU0325,WH013,2025-01-22,995
SKU0033,WH003,2025-01-09,723
SKU0251,WH050,2025-02-15,430
SKU0161,WH016,2025-02-12,407
SKU0337,WH027,2025-03-02,188
SKU0352,WH044,2025-01-19,653
SKU0416,WH017,2025-01-30,563
SKU0258,WH029,2025-01-30,112
SKU0388,WH044,2025-02-05,589
SKU0427,WH022,2025-01-03,281
SKU0055,WH016,2025-01-12,660
SKU0086,WH038,2025-01-09,631
SKU0479,WH039,2025-02-26,461
SKU0308,WH032,2025-02-09,740
SKU0415,WH019,2025-02-20,561
SKU0151,WH033,2025-01-23,726
SKU0425,WH005,2025-01-14,436
SKU0013,WH030,2025-02-28,777
SKU0249,WH016,2025-01-10,185
SKU0002,WH032,2025-02-16,907
SKU0149,WH044,2025-01-12,600
SKU0169,WH015,2025-01-22,833
SKU0244,WH039,2025-01-27,858
SKU0488,WH021,2025-01-20,385
SKU0252,WH027,2025-03-02,769
SKU0300,WH004,2025-01-28,712
SKU0462,WH014,2025-01-27,180
SKU0304,WH015,2025-02-07,932
SKU0320,WH047,2025-01-21,570
SKU0250,WH034,2025-02-25,487
SKU0128,WH030,2025-01-09,114
SKU0163,WH031,2025-01-12,605
SKU0113,WH005,2025-02-12,425
SKU0277,WH040,2025-02-09,327
SKU0337,WH034,2025-01-21,442
SKU0018,WH036,2025-02-08,665
SKU0174,WH046,2025-01-29,616
SKU0123,WH040,2025-01-26,556
SKU0457,WH003,2025-01-04,732
SKU0287,WH010,2025-02-22,877
SKU0135,WH009,2025-02-26,154
SKU0392,WH039,2025-02-28,989
SKU0101,WH043,2025-01-10,490
SKU0273,WH034,2025-01-26,354
SKU0458,WH016,2025-01-02,291
SKU0266,WH023,2025-01-12,553
SKU0230,WH006,2025-01-16,538
SKU0490,WH047,2025-01-04,729
SKU0225,WH033,2025-01-31,887
SKU0029,WH031,2025-01-29,622
SKU0233,WH032,2025-01-28,435
SKU0144,WH044,2025-01-21,589
SKU0057,WH012,2025-03-02,241
SKU0143,WH028,2025-01-14,450
SKU0158,WH036,2025-01-30,106
SKU0247,WH025,2025-03-02,920
SKU0092,WH036,2025-01-28,606
SKU0011,WH003,2025-01-11,148
SKU0069,WH050,2025-01-29,637
SKU0048,WH018,2025-02-13,212
SKU0050,WH047,2025-02-21,651
SKU0354,WH045,2025-02-26,391
SKU0419,WH014,2025-01-02,347
SKU0036,WH012,2025-01-18,301
SKU0266,WH013,2025-02-20,725
SKU0335,WH045,2025-01-18,741
SKU0040,WH025,2025-01-20,197
SKU0163,WH040,2025-01-14,579
SKU0231,WH013,2025-01-20,407
SKU0349,WH013,2025-02-17,193
SKU0218,WH001,2025-01-31,371
SKU0373,WH024,2025-01-23,353
SKU0190,WH004,2025-01-11,742
SKU0001,WH021,2025-01-19,892
SKU0419,WH038,2025-01-15,540
SKU0385,WH044,2025-02-08,212
SKU0390,WH044,2025-02-07,439
SKU0144,WH012,2025-02-19,513
SKU0486,WH019,2025-01-10,182
SKU0397,WH036,2025-02-28,491
SKU0113,WH007,2025-01-26,757
SKU0465,WH018,2025-01-27,213
SKU0349,WH033,2025-01-22,306
SKU0241,WH003,2025-02-18,558
SKU0436,WH010,2025-01-10,472
SKU0137,WH045,2025-01-02,989
SKU0245,WH020,2025-01-12,252
SKU0440,WH002,2025-02-08,822
SKU0119,WH036,2025-02-15,202
SKU0073,WH025,2025-02-03,296
SKU0273,WH015,2025-01-05,576
SKU0426,WH040,2025-02-13,953
SKU0218,WH016,2025-02-24,727
SKU0257,WH033,2025-02-13,725
SKU0232,WH003,2025-02-03,378
SKU0311,WH002,2025-01-16,902
SKU0324,WH020,2025-01-20,814
SKU0411,WH019,2025-02-11,235
SKU0089,WH027,2025-01-27,570
SKU0292,WH011,2025-01-23,625
SKU0414,WH016,2025-01-22,333
SKU0375,WH050,2025-02-20,102
SKU0318,WH015,2025-01-16,455
SKU0437,WH022,2025-01-17,650
SKU0412,WH005,2025-01-28,964
SKU0345,WH014,2025-01-03,471
SKU0175,WH026,2025-03-01,302
SKU0399,WH047,2025-02-24,525
SKU0467,WH034,2025-03-02,120
SKU0312,WH024,2025-02-26,772
SKU0465,WH006,2025-02-10,285
SKU0151,WH043,2025-02-21,277
SKU0348,WH031,2025-01-23,738
SKU0082,WH030,2025-02-21,731
SKU0009,WH041,2025-01-18,938
SKU0339,WH019,2025-02-13,268
SKU0317,WH019,2025-01-26,131
SKU0095,WH015,2025-02-24,365
SKU0377,WH006,2025-02-14,632
SKU0141,WH038,2025-02-19,271
SKU0473,WH040,2025-01-05,224
SKU0208,WH010,2025-02-09,486
SKU0108,WH005,2025-01-25,169
SKU0319,WH044,2025-02-24,332
SKU0347,WH011,2025-01-04,652
SKU0055,WH025,2025-01-28,500
SKU0393,WH002,2025-01-25,408
SKU0224,WH025,2025-01-26,728
SKU0021,WH028,2025-01-17,314
SKU0122,WH016,2025-01-11,726
SKU0056,WH033,2025-01-10,625
SKU0183,WH047,2025-01-01,909
SKU0333,WH026,2025-01-05,292
SKU0256,WH027,2025-02-08,842
SKU0157,WH049,2025-01-19,554
SKU0064,WH019,2025-02-15,580
SKU0095,WH024,2025-01-27,695
SKU0116,WH015,2025-01-20,263
SKU0310,WH038,2025-01-21,580
SKU0331,WH030,2025-01-16,800
SKU0439,WH016,2025-02-27,701
SKU0363,WH016,2025-01-23,790
SKU0466,WH049,2025-01-24,598
SKU0438,WH047,2025-02-18,200
SKU0294,WH031,2025-02-12,991
SKU0103,WH038,2025-02-20,686
SKU0170,WH046,2025-02-13,266
SKU0093,WH022,2025-02-14,517
SKU0433,WH025,2025-01-01,745
SKU0165,WH014,2025-01-03,276
SKU0315,WH043,2025-01-22,908
SKU0132,WH003,2025-02-04,930
SKU0449,WH030,2025-02-10,131
SKU0433,WH037,2025-01-03,334
SKU0383,WH036,2025-02-10,862
SKU0065,WH008,2025-02-19,777
SKU0458,WH004,2025-01-18,512
SKU0240,WH019,2025-02-25,965
SKU0061,WH012,2025-01-14,380
SKU0328,WH013,2025-01-19,765
SKU0149,WH048,2025-02-14,673
SKU0451,WH046,2025-01-08,635
SKU0426,WH024,2025-01-26,801
SKU0064,WH015,2025-02-08,891
SKU0455,WH017,2025-02-24,985
SKU0098,WH027,2025-02-28,181
SKU0031,WH004,2025-01-22,906
SKU0385,WH038,2025-01-27,942
SKU0101,WH014,2025-02-13,790
SKU0049,WH007,2025-01-29,879
SKU0064,WH039,2025-02-10,870
SKU0194,WH021,2025-01-23,823
SKU0179,WH026,2025-01-26,434
SKU0119,WH039,2025-01-19,520
SKU0030,WH039,2025-03-02,242
SKU0459,WH010,2025-02-14,369
SKU0287,WH035,2025-01-05,736
SKU0367,WH009,2025-01-01,120
SKU0459,WH034,2025-02-10,648
SKU0013,WH024,2025-01-05,190
SKU0097,WH008,2025-02-14,344
SKU0326,WH009,2025-01-05,715
SKU0155,WH008,2025-01-11,398
SKU0203,WH045,2025-02-23,891
SKU0081,WH040,2025-03-01,408
SKU0401,WH040,2025-02-15,759
SKU0155,WH024,2025-01-13,705
SKU0354,WH024,2025-02-24,138
SKU0315,WH017,2025-01-07,403
SKU0468,WH001,2025-01-12,208
SKU0042,WH009,2025-02-17,659
SKU0263,WH004,2025-01-05,267
SKU0048,WH033,2025-02-23,186
SKU0183,WH020,2025-01-06,199
SKU0426,WH020,2025-01-01,834
SKU0215,WH028,2025-02-05,114
SKU0139,WH029,2025-02-01,690
SKU0405,WH026,2025-01-30,378
SKU0061,WH008,2025-03-01,534
SKU0264,WH007,2025-02-06,342
SKU0211,WH044,2025-01-11,297
SKU0181,WH017,2025-02-04,191
SKU0046,WH021,2025-02-04,637
SKU0420,WH016,2025-02-14,576
SKU0362,WH037,2025-01-19,724
SKU0215,WH040,2025-02-19,796
SKU0437,WH004,2025-01-13,503
SKU0139,WH035,2025-01-23,531
SKU0055,WH045,2025-02-08,497
SKU0432,WH044,2025-02-19,261
SKU0459,WH045,2025-01-11,743
SKU0366,WH027,2025-02-26,831
SKU0274,WH039,2025-01-25,481
SKU0199,WH043,2025-01-03,332
SKU0119,WH038,2025-02-16,448
SKU0391,WH002,2025-02-19,128
SKU0211,WH039,2025-03-02,836
SKU0226,WH045,2025-02-04,193
SKU0303,WH037,2025-02-02,146
SKU0470,WH038,2025-01-03,647
SKU0410,WH037,2025-03-02,527
SKU0261,WH018,2025-01-13,639
SKU0442,WH031,2025-01-07,704
SKU0481,WH035,2025-02-25,400
SKU0206,WH033,2025-02-27,870
SKU0254,WH013,2025-02-15,740
SKU0103,WH031,2025-01-07,214
SKU0435,WH034,2025-02-21,892
SKU0075,WH011,2025-02-25,180
SKU0088,WH050,2025-02-25,682
SKU0049,WH039,2025-01-22,932
SKU0469,WH012,2025-02-08,299
SKU0380,WH020,2025-01-18,819
SKU0050,WH045,2025-02-24,171
SKU0320,WH014,2025-02-27,347
SKU0371,WH029,2025-02-09,112
SKU0129,WH021,2025-02-15,709
SKU0489,WH034,2025-01-26,953
SKU0185,WH031,2025-01-29,116
SKU0033,WH008,2025-03-02,131
SKU0415,WH049,2025-01-16,313
SKU0147,WH038,2025-01-01,257
SKU0052,WH049,2025-02-18,789
SKU0384,WH018,2025-02-11,722
SKU0217,WH038,2025-01-25,843
SKU0021,WH005,2025-02-22,396
SKU0484,WH027,2025-02-23,449
SKU0063,WH018,2025-01-23,104
SKU0490,WH012,2025-01-22,905
SKU0359,WH009,2025-01-21,555
SKU0428,WH018,2025-01-09,443
SKU0051,WH021,2025-01-21,850
SKU0205,WH028,2025-02-15,587
SKU0384,WH024,2025-02-25,444
SKU0071,WH014,2025-01-20,486
SKU0344,WH024,2025-02-13,637
SKU0385,WH027,2025-02-14,926
SKU0295,WH036,2025-02-24,780
SKU0145,WH006,2025-01-03,156
SKU0100,WH023,2025-02-16,601
SKU0490,WH016,2025-02-14,957
SKU0084,WH027,2025-01-10,644
SKU0116,WH040,2025-01-11,334
SKU0476,WH004,2025-01-28,303
SKU0246,WH046,2025-02-07,381
SKU0023,WH002,2025-02-07,102
SKU0476,WH025,2025-01-15,676
SKU0460,WH041,2025-01-21,256
SKU0157,WH044,2025-01-27,886
SKU0390,WH032,2025-01-16,698
SKU0179,WH016,2025-01-28,597
SKU0240,WH044,2025-01-27,234
SKU0157,WH018,2025-02-17,253
SKU0111,WH001,2025-02-07,209
SKU0183,WH021,2025-01-07,271
SKU0199,WH018,2025-01-06,974
SKU0275,WH025,2025-01-30,976
SKU0495,WH043,2025-02-04,384
SKU0048,WH022,2025-01-27,114
SKU0135,WH011,2025-01-14,488
SKU0476,WH013,2025-02-10,518
SKU0335,WH006,2025-02-02,397
SKU0179,WH023,2025-01-22,544
SKU0345,WH044,2025-02-25,530
SKU0416,WH010,2025-01-25,414
SKU0498,WH045,2025-02-17,582
SKU0316,WH046,2025-03-02,832
SKU0372,WH037,2025-01-14,832
SKU0488,WH010,2025-02-11,878
SKU0159,WH026,2025-02-21,814
SKU0148,WH044,2025-02-20,973
SKU0203,WH002,2025-02-12,145
SKU0365,WH047,2025-01-31,749
SKU0063,WH002,2025-02-09,372
SKU0264,WH035,2025-02-07,500
SKU0246,WH050,2025-01-07,427
SKU0488,WH010,2025-02-28,758
SKU0255,WH033,2025-02-05,158
SKU0231,WH016,2025-02-19,926
SKU0376,WH034,2025-01-19,970
SKU0238,WH027,2025-01-26,611
SKU0442,WH003,2025-01-27,787
SKU0142,WH008,2025-01-28,752
SKU0395,WH017,2025-02-04,145
SKU0141,WH037,2025-02-23,328
SKU0175,WH021,2025-01-19,699
SKU0282,WH033,2025-01-05,730
SKU0307,WH026,2025-02-19,596
SKU0309,WH028,2025-02-10,610
SKU0145,WH016,2025-01-26,629
SKU0213,WH006,2025-01-27,522
SKU0494,WH029,2025-02-08,250
SKU0408,WH026,2025-02-17,677
SKU0018,WH007,2025-01-25,968
SKU0419,WH012,2025-02-15,203
SKU0366,WH017,2025-02-23,256
SKU0192,WH042,2025-01-02,204
SKU0164,WH034,2025-01-18,323
SKU0103,WH048,2025-02-19,889
SKU0210,WH029,2025-02-20,306
SKU0030,WH030,2025-02-11,950
SKU0085,WH034,2025-01-15,299
SKU0042,WH020,2025-01-13,653
SKU0041,WH044,2025-03-01,377
SKU0006,WH034,2025-02-21,823
SKU0030,WH047,2025-01-08,800
SKU0433,WH027,2025-01-13,474
SKU0380,WH023,2025-01-27,231
SKU0010,WH017,2025-02-06,619
SKU0460,WH043,2025-02-27,807
SKU0072,WH007,2025-02-12,645
SKU0215,WH048,2025-01-13,534
SKU0050,WH012,2025-02-05,891
SKU0406,WH044,2025-02-13,908
SKU0417,WH045,2025-01-14,389
SKU0074,WH045,2025-02-28,647
SKU0067,WH033,2025-01-02,400
SKU0406,WH005,2025-02-11,221
SKU0020,WH042,2025-01-20,193
SKU0388,WH003,2025-01-06,997
SKU0144,WH034,2025-01-29,515
SKU0466,WH014,2025-01-24,270
SKU0158,WH046,2025-01-25,829
SKU0357,WH004,2025-02-08,643
SKU0144,WH005,2025-02-14,929
SKU0027,WH005,2025-01-03,861
SKU0485,WH015,2025-01-05,355
SKU0486,WH007,2025-01-30,541
SKU0389,WH033,2025-02-17,659
SKU0238,WH039,2025-01-23,705
SKU0067,WH037,2025-02-20,235
SKU0052,WH038,2025-01-12,322
SKU0042,WH025,2025-01-06,618
SKU0090,WH046,2025-01-16,625
SKU0324,WH018,2025-01-12,890
SKU0386,WH011,2025-01-03,302
SKU0045,WH038,2025-01-04,510
SKU0221,WH028,2025-01-19,478
SKU0080,WH003,2025-02-22,692
SKU0294,WH006,2025-01-15,934
SKU0309,WH017,2025-01-25,436
SKU0447,WH037,2025-02-16,844
SKU0334,WH021,2025-01-20,429
SKU0068,WH030,2025-01-12,139
SKU0239,WH005,2025-02-19,537
SKU0349,WH043,2025-01-02,978
SKU0257,WH048,2025-01-24,498
SKU0107,WH046,2025-02-27,987
SKU0220,WH008,2025-02-16,397
SKU0389,WH004,2025-02-05,438
SKU0418,WH006,2025-02-19,377
SKU0243,WH033,2025-01-12,108
SKU0277,WH041,2025-01-26,240
SKU0257,WH038,2025-02-06,802
SKU0262,WH044,2025-02-23,270
SKU0380,WH020,2025-02-19,703
SKU0312,WH016,2025-01-11,498
SKU0377,WH038,2025-01-21,929
SKU0018,WH008,2025-02-18,337
SKU0388,WH006,2025-02-15,311
SKU0436,WH027,2025-01-19,397
SKU0258,WH028,2025-01-04,569
SKU0088,WH031,2025-01-22,826
SKU0310,WH039,2025-01-30,623
SKU0478,WH043,2025-02-11,270
SKU0295,WH028,2025-02-12,267
SKU0363,WH005,2025-01-16,919
SKU0442,WH037,2025-01-10,392
SKU0158,WH010,2025-01-07,244
SKU0171,WH037,2025-01-04,108
SKU0311,WH021,2025-01-17,367
SKU0348,WH050,2025-02-15,194
SKU0212,WH011,2025-02-01,997
SKU0033,WH032,2025-02-11,421
SKU0059,WH025,2025-01-15,689
SKU0074,WH030,2025-02-24,241
SKU0219,WH018,2025-02-24,951
SKU0013,WH005,2025-02-01,167
SKU0387,WH035,2025-02-24,457
SKU0342,WH045,2025-02-13,879
SKU0222,WH003,2025-02-12,207
SKU0306,WH011,2025-01-30,166
SKU0259,WH018,2025-01-05,432
SKU0053,WH015,2025-03-01,803
SKU0469,WH008,2025-01-16,739
SKU0405,WH031,2025-02-13,980
SKU0165,WH031,2025-02-05,931
SKU0021,WH032,2025-02-27,751
SKU0094,WH043,2025-01-25,834
SKU0241,WH034,2025-01-27,218
SKU0214,WH003,2025-01-19,530
SKU0491,WH018,2025-01-29,125
SKU0126,WH008,2025-02-09,502
SKU0047,WH034,2025-02-16,467
SKU0024,WH047,2025-01-04,154
SKU0324,WH026,2025-01-05,250
SKU0393,WH017,2025-02-09,966
SKU0156,WH033,2025-01-23,308
SKU0199,WH006,2025-02-21,172
SKU0312,WH016,2025-02-18,339
SKU0447,WH029,2025-01-01,547
SKU0093,WH024,2025-01-10,272
SKU0308,WH027,2025-02-04,166
SKU0439,WH019,2025-02-16,960
SKU0434,WH006,2025-01-17,717
SKU0064,WH020,2025-01-26,671
SKU0405,WH028,2025-01-01,367
SKU0256,WH017,2025-01-01,732
SKU0202,WH024,2025-02-05,661
SKU0441,WH029,2025-01-09,447
SKU0364,WH007,2025-02-13,369
SKU0065,WH005,2025-02-19,371
SKU0284,WH049,2025-01-30,215
SKU0050,WH029,2025-02-17,378
SKU0227,WH005,2025-01-01,539
SKU0398,WH045,2025-02-27,255
SKU0178,WH042,2025-01-11,687
SKU0131,WH010,2025-01-16,568
SKU0042,WH021,2025-01-21,489
SKU0079,WH026,2025-02-23,150
SKU0224,WH034,2025-01-05,150
SKU0041,WH029,2025-01-17,535
SKU0316,WH003,2025-02-06,749
SKU0215,WH012,2025-01-20,519
SKU0240,WH049,2025-01-10,713
SKU0345,WH011,2025-01-31,566
SKU0324,WH037,2025-02-09,346
SKU0221,WH043,2025-02-23,753
SKU0462,WH028,2025-02-09,675
SKU0493,WH012,2025-02-24,641
SKU0439,WH038,2025-01-06,577
SKU0284,WH049,2025-02-23,652
SKU0027,WH009,2025-02-13,888
SKU0460,WH006,2025-02-11,612
SKU0065,WH047,2025-01-06,840
SKU0179,WH049,2025-01-06,266
SKU0481,WH035,2025-02-21,830
SKU0378,WH005,2025-02-04,190
SKU0031,WH008,2025-01-16,448
SKU0395,WH008,2025-01-30,652
SKU0302,WH034,2025-01-23,281
SKU0447,WH043,2025-01-16,186
SKU0033,WH028,2025-02-24,649
SKU0358,WH027,2025-02-09,267
SKU0306,WH005,2025-01-17,263
SKU0013,WH001,2025-01-01,315
SKU0409,WH002,2025-02-12,768
SKU0375,WH004,2025-01-07,519
SKU0299,WH015,2025-02-10,685
SKU0349,WH034,2025-01-17,208
SKU0420,WH017,2025-01-27,508
SKU0354,WH033,2025-01-29,169
SKU0416,WH033,2025-01-06,632
SKU0149,WH020,2025-01-08,659
SKU0195,WH011,2025-01-07,258
SKU0386,WH041,2025-01-23,626
SKU0169,WH045,2025-01-03,902
SKU0094,WH021,2025-02-24,896
SKU0010,WH025,2025-01-22,456
SKU0473,WH023,2025-02-26,529
SKU0171,WH030,2025-01-18,637
SKU0113,WH039,2025-01-11,253
SKU0231,WH005,2025-01-07,890
SKU0175,WH041,2025-02-10,930
SKU0017,WH045,2025-01-08,132
SKU0085,WH002,2025-02-14,609
SKU0348,WH045,2025-01-31,567
SKU0487,WH049,2025-02-24,300
SKU0068,WH044,2025-01-16,340
SKU0314,WH040,2025-01-20,944
SKU0041,WH030,2025-01-24,192
SKU0172,WH004,2025-02-28,180
SKU0186,WH049,2025-02-24,988
SKU0493,WH020,2025-01-19,336
SKU0435,WH021,2025-02-10,829
SKU0180,WH016,2025-01-12,517
SKU0118,WH024,2025-01-12,696
SKU0169,WH029,2025-02-27,942
SKU0364,WH001,2025-02-22,331
SKU0484,WH010,2025-02-07,167
SKU0415,WH019,2025-01-25,737
SKU0110,WH012,2025-01-30,684
SKU0231,WH017,2025-02-05,847
SKU0062,WH025,2025-01-16,157
SKU0227,WH028,2025-01-25,619
SKU0372,WH044,2025-02-28,242
SKU0210,WH041,2025-01-23,603
SKU0161,WH030,2025-01-08,478
SKU0431,WH003,2025-02-05,768
SKU0152,WH047,2025-02-14,972
SKU0161,WH034,2025-01-21,321
SKU0434,WH030,2025-02-02,732
SKU0419,WH011,2025-01-01,400
SKU0148,WH037,2025-01-29,727
SKU0305,WH033,2025-03-02,136
SKU0324,WH036,2025-01-28,315
SKU0079,WH033,2025-02-02,262
SKU0042,WH013,2025-01-20,526
SKU0289,WH004,2025-01-15,679
SKU0220,WH001,2025-02-25,184
SKU0165,WH017,2025-01-13,809
SKU0123,WH014,2025-02-12,185
SKU0355,WH008,2025-01-18,470
SKU0295,WH013,2025-02-14,685
SKU0215,WH030,2025-01-16,166
SKU0272,WH035,2025-01-20,919
SKU0230,WH002,2025-02-07,609
SKU0175,WH048,2025-01-08,846
SKU0242,WH007,2025-01-26,786
SKU0381,WH032,2025-02-21,123
SKU0435,WH003,2025-03-02,317
SKU0369,WH014,2025-01-16,853
SKU0156,WH040,2025-02-27,920
SKU0067,WH016,2025-02-11,163
SKU0221,WH009,2025-01-20,667
SKU0293,WH040,2025-02-13,709
SKU0381,WH029,2025-01-26,713
SKU0213,WH043,2025-01-22,283
SKU0197,WH050,2025-02-25,782
SKU0464,WH013,2025-03-01,990
SKU0178,WH030,2025-01-02,344
SKU0114,WH006,2025-02-10,550
SKU0106,WH044,2025-02-14,544
SKU0433,WH010,2025-02-22,502
SKU0345,WH007,2025-01-21,379
SKU0305,WH034,2025-02-25,523
SKU0337,WH028,2025-01-08,371
SKU0141,WH048,2025-02-11,373
SKU0352,WH050,2025-01-10,307
SKU0459,WH033,2025-01-15,691
SKU0080,WH023,2025-01-09,890
SKU0038,WH037,2025-03-02,845
SKU0216,WH030,2025-02-15,301
SKU0092,WH041,2025-02-19,190
SKU0035,WH038,2025-01-05,995
SKU0100,WH018,2025-01-25,736
SKU0398,WH038,2025-02-17,564
SKU0271,WH026,2025-01-27,844
SKU0384,WH023,2025-01-22,925
SKU0153,WH003,2025-02-05,759
SKU0330,WH006,2025-01-10,212
SKU0406,WH002,2025-01-02,541
SKU0024,WH002,2025-01-14,994
SKU0224,WH032,2025-01-16,378
SKU0206,WH025,2025-01-27,163
SKU0130,WH004,2025-02-24,927
SKU0075,WH011,2025-02-15,343
SKU0254,WH049,2025-01-23,740
SKU0398,WH022,2025-01-18,960
SKU0029,WH028,2025-03-02,217
SKU0076,WH044,2025-01-09,469
SKU0076,WH003,2025-01-23,619
SKU0006,WH030,2025-02-20,190
SKU0412,WH027,2025-01-04,299
SKU0346,WH041,2025-02-04,233
SKU0199,WH025,2025-01-08,826
SKU0159,WH037,2025-02-20,450
SKU0003,WH050,2025-02-09,671
SKU0180,WH028,2025-01-18,200
SKU0149,WH018,2025-02-26,548
SKU0500,WH001,2025-02-05,551
SKU0145,WH012,2025-02-19,191
SKU0278,WH041,2025-01-09,915
SKU0433,WH008,2025-02-19,961
SKU0134,WH040,2025-01-30,268
SKU0021,WH041,2025-01-27,678
SKU0280,WH043,2025-02-08,479
SKU0124,WH008,2025-01-23,995
SKU0006,WH049,2025-01-28,139
SKU0186,WH016,2025-01-14,629
SKU0149,WH026,2025-01-16,172
SKU0473,WH007,2025-02-26,961
SKU0114,WH014,2025-02-07,398
SKU0083,WH020,2025-02-22,987
SKU0210,WH004,2025-01-08,593
SKU0165,WH012,2025-01-14,493
SKU0455,WH043,2025-01-24,275
SKU0252,WH015,2025-02-13,776
SKU0044,WH035,2025-01-14,759
SKU0245,WH008,2025-01-07,863
SKU0010,WH038,2025-02-21,295
SKU0360,WH019,2025-01-16,476
SKU0234,WH033,2025-02-20,255
SKU0183,WH041,2025-01-20,706
SKU0059,WH013,2025-01-20,798
SKU0367,WH015,2025-01-24,723
SKU0141,WH040,2025-01-09,322
SKU0199,WH033,2025-02-02,214
SKU0295,WH047,2025-01-01,747
SKU0194,WH023,2025-02-12,800
SKU0280,WH036,2025-02-12,908
SKU0464,WH032,2025-01-12,988
SKU0072,WH009,2025-02-16,780
SKU0023,WH008,2025-02-12,249
SKU0003,WH049,2025-01-25,890
SKU0114,WH028,2025-02-13,852
SKU0309,WH020,2025-03-01,184
SKU0181,WH048,2025-02-20,720
SKU0178,WH050,2025-02-02,204
SKU0386,WH027,2025-01-16,366
SKU0372,WH009,2025-01-08,777
SKU0146,WH033,2025-02-10,399
SKU0324,WH026,2025-02-10,590
SKU0484,WH004,2025-01-28,802
SKU0001,WH022,2025-01-03,519
SKU0074,WH044,2025-02-10,151
SKU0262,WH016,2025-02-27,673
SKU0228,WH009,2025-01-08,196
SKU0058,WH028,2025-02-07,510
SKU0347,WH028,2025-01-24,411
SKU0322,WH048,2025-01-02,332
SKU0330,WH050,2025-02-10,167
SKU0059,WH034,2025-01-14,469
SKU0303,WH035,2025-01-09,690
SKU0193,WH045,2025-01-15,631
SKU0280,WH046,2025-01-10,348
SKU0056,WH032,2025-01-10,909
SKU0258,WH030,2025-03-01,788
SKU0007,WH036,2025-02-03,861
SKU0273,WH042,2025-01-18,332
SKU0447,WH033,2025-01-06,529
SKU0079,WH045,2025-01-24,304
SKU0111,WH010,2025-01-19,242
SKU0358,WH047,2025-02-12,593
SKU0408,WH046,2025-01-10,733
SKU0276,WH016,2025-01-08,739
SKU0263,WH009,2025-01-18,247
SKU0110,WH010,2025-01-04,809
SKU0214,WH008,2025-01-14,873
SKU0137,WH015,2025-02-06,671
SKU0078,WH001,2025-02-27,238
SKU0208,WH010,2025-02-21,744
SKU0407,WH040,2025-01-22,819
SKU0179,WH026,2025-02-06,533
SKU0447,WH008,2025-01-19,704
SKU0147,WH013,2025-02-20,581
SKU0264,WH005,2025-02-24,967
SKU0456,WH016,2025-01-22,923
SKU0043,WH010,2025-02-24,838
SKU0360,WH004,2025-01-08,732
SKU0218,WH013,2025-02-14,902
SKU0250,WH036,2025-01-08,131
SKU0313,WH013,2025-02-15,559
SKU0109,WH037,2025-02-09,170
SKU0211,WH017,2025-01-20,892
SKU0100,WH038,2025-02-28,566
SKU0144,WH027,2025-01-14,235
SKU0388,WH032,2025-02-22,497
SKU0053,WH035,2025-01-09,330
SKU0198,WH033,2025-02-08,173
SKU0351,WH030,2025-01-19,435
SKU0323,WH005,2025-02-23,508
SKU0376,WH048,2025-02-17,218
SKU0378,WH026,2025-02-04,884
SKU0226,WH040,2025-01-09,958
SKU0181,WH046,2025-01-22,770
SKU0114,WH007,2025-02-23,613
SKU0015,WH040,2025-01-11,894
SKU0471,WH001,2025-02-19,267
SKU0179,WH007,2025-01-27,186
SKU0385,WH032,2025-01-18,347
SKU0252,WH047,2025-02-08,531
SKU0417,WH011,2025-02-19,180
SKU0225,WH013,2025-02-19,150
SKU0006,WH044,2025-01-28,992
SKU0370,WH042,2025-01-23,985
SKU0458,WH043,2025-02-26,373
SKU0105,WH017,2025-02-10,815
SKU0055,WH004,2025-01-11,491
SKU0023,WH021,2025-02-24,151
SKU0274,WH021,2025-01-17,595
SKU0241,WH030,2025-01-29,609
SKU0048,WH007,2025-03-01,300
SKU0029,WH002,2025-02-05,810
SKU0205,WH011,2025-02-10,576
SKU0250,WH032,2025-01-14,550
SKU0299,WH012,2025-03-02,766
SKU0206,WH028,2025-01-04,211
SKU0097,WH045,2025-01-09,725
SKU0187,WH038,2025-02-24,748
SKU0290,WH018,2025-01-29,485
SKU0399,WH008,2025-02-23,380
SKU0153,WH008,2025-02-10,565
SKU0232,WH050,2025-01-14,576
SKU0198,WH026,2025-03-02,558
SKU0476,WH029,2025-01-09,436
SKU0070,WH003,2025-01-25,939
SKU0070,WH042,2025-02-08,285
SKU0115,WH019,2025-01-24,969
SKU0367,WH036,2025-01-31,423
SKU0004,WH035,2025-02-28,359
SKU0087,WH003,2025-01-05,205
SKU0061,WH008,2025-01-01,413
SKU0112,WH034,2025-01-11,754
SKU0243,WH047,2025-01-06,651
SKU0189,WH032,2025-02-10,211
SKU0093,WH006,2025-01-06,218
SKU0495,WH020,2025-02-26,556
SKU0256,WH049,2025-01-14,114
SKU0374,WH043,2025-03-01,993
SKU0185,WH034,2025-02-18,823
SKU0091,WH007,2025-01-01,647
SKU0347,WH040,2025-02-10,737
SKU0144,WH021,2025-01-03,219
SKU0439,WH036,2025-01-03,822
SKU0180,WH041,2025-01-25,585
SKU0389,WH026,2025-02-17,927
SKU0079,WH038,2025-02-17,848
SKU0492,WH024,2025-02-12,512
SKU0233,WH039,2025-02-08,740
SKU0290,WH032,2025-02-18,548
SKU0458,WH028,2025-02-02,205
SKU0434,WH046,2025-01-29,724
SKU0097,WH019,2025-02-21,693
SKU0023,WH027,2025-02-24,829
SKU0265,WH012,2025-02-22,646
SKU0318,WH038,2025-02-18,822
SKU0435,WH035,2025-01-12,281
SKU0154,WH036,2025-02-15,800
SKU0370,WH023,2025-02-14,487
SKU0078,WH049,2025-01-04,183
SKU0336,WH034,2025-02-27,603
SKU0141,WH047,2025-02-26,210
SKU0075,WH022,2025-01-19,896
SKU0311,WH004,2025-02-13,495
SKU0177,WH012,2025-02-05,664
SKU0101,WH009,2025-01-04,436
SKU0389,WH050,2025-01-29,884
SKU0161,WH034,2025-02-02,234
SKU0350,WH033,2025-01-12,555
SKU0232,WH030,2025-02-06,523
SKU0136,WH020,2025-02-19,641
SKU0141,WH012,2025-03-02,661
SKU0150,WH042,2025-02-15,905
SKU0181,WH039,2025-02-26,720
SKU0113,WH043,2025-02-28,497
SKU0395,WH017,2025-01-15,614
SKU0232,WH022,2025-01-02,347
SKU0046,WH029,2025-02-06,260
SKU0369,WH006,2025-02-16,552
SKU0491,WH035,2025-01-19,846
SKU0246,WH033,2025-01-29,397
SKU0073,WH023,2025-01-20,941
SKU0013,WH049,2025-02-19,221
SKU0432,WH019,2025-01-06,994
SKU0344,WH013,2025-01-09,728
SKU0154,WH017,2025-02-07,965
SKU0354,WH006,2025-01-17,759
SKU0172,WH029,2025-02-28,517
SKU0355,WH010,2025-02-13,308
SKU0308,WH042,2025-02-19,506
SKU0150,WH042,2025-02-17,174
SKU0162,WH019,2025-02-23,806
SKU0041,WH035,2025-01-08,592
SKU0421,WH040,2025-02-19,897
SKU0464,WH019,2025-01-04,779
SKU0406,WH033,2025-01-27,804
SKU0381,WH038,2025-02-28,624
SKU0035,WH036,2025-02-05,903
SKU0087,WH043,2025-02-19,385
SKU0426,WH025,2025-01-28,438
SKU0141,WH030,2025-01-02,886
SKU0204,WH033,2025-01-04,634
SKU0277,WH009,2025-02-09,893
SKU0315,WH008,2025-01-07,308
SKU0006,WH035,2025-02-16,415
SKU0009,WH011,2025-02-21,935
SKU0232,WH026,2025-01-21,989
SKU0041,WH026,2025-02-13,921
SKU0373,WH042,2025-02-28,743
SKU0169,WH050,2025-01-14,990
SKU0476,WH048,2025-02-23,854
SKU0045,WH008,2025-01-15,270
SKU0089,WH012,2025-02-13,260
SKU0164,WH007,2025-01-05,352
SKU0207,WH017,2025-02-01,216
SKU0462,WH011,2025-02-08,245
SKU0183,WH038,2025-02-22,805
SKU0308,WH029,2025-01-29,249
SKU0043,WH012,2025-02-01,217
SKU0250,WH001,2025-01-14,830
SKU0500,WH038,2025-01-05,307
SKU0075,WH013,2025-01-12,479
SKU0050,WH020,2025-02-12,581
SKU0378,WH035,2025-01-26,583
SKU0359,WH033,2025-03-02,291
SKU0005,WH009,2025-02-13,614
SKU0412,WH026,2025-01-17,751
SKU0344,WH003,2025-01-05,939
SKU0040,WH041,2025-02-14,598
SKU0337,WH016,2025-03-02,804
SKU0050,WH023,2025-01-30,756
SKU0481,WH045,2025-01-27,694
SKU0005,WH037,2025-01-30,617
SKU0481,WH033,2025-01-26,108
SKU0485,WH012,2025-02-10,877
SKU0240,WH045,2025-03-01,484
SKU0468,WH032,2025-02-28,630
SKU0368,WH036,2025-01-03,278
SKU0334,WH006,2025-01-20,913
SKU0478,WH037,2025-01-20,344
SKU0227,WH040,2025-01-15,951
SKU0111,WH014,2025-02-24,347
SKU0014,WH029,2025-01-06,222
SKU0246,WH042,2025-01-03,234
SKU0304,WH028,2025-02-13,320
SKU0303,WH017,2025-02-27,835
SKU0281,WH040,2025-01-11,176
SKU0159,WH036,2025-02-09,229
SKU0318,WH020,2025-01-29,974
SKU0306,WH006,2025-02-04,285
SKU0070,WH043,2025-01-09,427
SKU0132,WH028,2025-02-19,379
SKU0160,WH015,2025-01-31,423
SKU0174,WH040,2025-01-09,258
SKU0296,WH043,2025-02-02,648
SKU0450,WH022,2025-01-27,546
SKU0113,WH005,2025-02-24,170
SKU0096,WH014,2025-01-31,282
SKU0091,WH024,2025-02-08,939
SKU0263,WH008,2025-02-01,493
SKU0466,WH022,2025-02-19,807
SKU0118,WH030,2025-02-24,406
SKU0208,WH002,2025-01-07,317
SKU0123,WH039,2025-01-16,726
SKU0388,WH030,2025-02-18,953
SKU0294,WH002,2025-02-19,223
SKU0012,WH015,2025-02-08,200
SKU0446,WH013,2025-02-17,274
SKU0284,WH007,2025-01-20,321
SKU0027,WH048,2025-02-23,521
SKU0052,WH014,2025-01-19,935
SKU0154,WH028,2025-02-23,270
SKU0392,WH011,2025-01-15,216
SKU0489,WH018,2025-02-21,649
SKU0211,WH042,2025-01-14,155
SKU0168,WH042,2025-02-12,929
SKU0037,WH020,2025-01-31,949
SKU0499,WH033,2025-02-06,303
SKU0022,WH037,2025-01-23,811
SKU0083,WH002,2025-01-04,546
SKU0263,WH022,2025-01-15,830
SKU0486,WH012,2025-01-26,585
SKU0483,WH019,2025-01-08,216
SKU0123,WH011,2025-03-02,778
SKU0309,WH009,2025-01-19,379
SKU0311,WH046,2025-03-02,920
SKU0183,WH033,2025-01-15,421
SKU0184,WH050,2025-02-10,613
SKU0480,WH002,2025-02-28,267
SKU0316,WH042,2025-01-26,826
SKU0392,WH004,2025-01-23,647
SKU0218,WH043,2025-02-16,627
SKU0223,WH030,2025-01-27,202
SKU0421,WH001,2025-01-24,831
SKU0497,WH017,2025-02-08,514
SKU0476,WH050,2025-02-02,814
SKU0191,WH028,2025-02-16,978
SKU0183,WH034,2025-01-10,306
SKU0174,WH022,2025-02-10,298
SKU0468,WH003,2025-02-25,304
SKU0081,WH047,2025-02-17,771
SKU0255,WH040,2025-02-08,496
SKU0150,WH011,2025-01-12,230
SKU0386,WH045,2025-01-23,186
SKU0450,WH035,2025-02-06,548
SKU0298,WH047,2025-02-15,302
SKU0228,WH036,2025-01-31,950
SKU0220,WH030,2025-01-18,488
SKU0275,WH003,2025-01-17,640
SKU0211,WH018,2025-01-10,619
SKU0276,WH010,2025-01-20,778
SKU0001,WH036,2025-01-09,205
SKU0288,WH030,2025-02-14,274
SKU0391,WH001,2025-02-15,527
SKU0357,WH002,2025-01-28,122
SKU0492,WH006,2025-01-10,821
SKU0402,WH010,2025-01-10,912
SKU0415,WH001,2025-02-10,993
SKU0078,WH034,2025-01-21,911
SKU0371,WH045,2025-02-01,595
SKU0120,WH031,2025-02-09,743
SKU0133,WH033,2025-02-18,897
SKU0358,WH044,2025-01-23,380
SKU0065,WH018,2025-01-30,684
SKU0459,WH014,2025-02-14,685
SKU0039,WH032,2025-01-25,677
SKU0328,WH002,2025-01-09,415
SKU0398,WH002,2025-01-17,993
SKU0200,WH044,2025-02-09,916
SKU0103,WH009,2025-01-12,312
SKU0428,WH037,2025-02-02,180
SKU0327,WH031,2025-01-04,618
SKU0361,WH019,2025-02-22,228
SKU0213,WH025,2025-02-19,835
SKU0360,WH001,2025-01-11,119
SKU0466,WH045,2025-01-26,976
SKU0021,WH040,2025-01-10,704
SKU0420,WH011,2025-01-10,478
SKU0103,WH048,2025-02-14,909
SKU0084,WH018,2025-01-28,521
SKU0341,WH013,2025-03-01,678
SKU0277,WH009,2025-01-08,290
SKU0167,WH032,2025-02-27,902
SKU0218,WH019,2025-02-05,628
SKU0356,WH002,2025-02-14,128
SKU0091,WH037,2025-01-06,288
SKU0146,WH023,2025-02-01,406
SKU0323,WH033,2025-01-09,841
SKU0280,WH023,2025-02-21,922
SKU0282,WH016,2025-02-13,628
SKU0249,WH028,2025-02-17,661
SKU0140,WH029,2025-01-09,675
SKU0040,WH020,2025-01-25,218
SKU0078,WH025,2025-02-28,302
SKU0231,WH022,2025-01-06,401
SKU0460,WH041,2025-02-07,568
SKU0193,WH006,2025-02-25,932
SKU0248,WH012,2025-02-14,493
SKU0326,WH020,2025-02-25,970
SKU0217,WH025,2025-02-12,448
SKU0186,WH017,2025-02-22,197
SKU0345,WH017,2025-01-17,901
SKU0230,WH043,2025-02-04,598
SKU0459,WH002,2025-01-19,127
SKU0068,WH040,2025-01-16,471
SKU0170,WH030,2025-01-12,988
SKU0398,WH038,2025-02-28,942
SKU0474,WH029,2025-01-19,864
SKU0330,WH026,2025-02-07,492
SKU0233,WH038,2025-01-22,713
SKU0404,WH017,2025-02-05,559
SKU0278,WH028,2025-01-01,733
SKU0329,WH018,2025-01-22,287
SKU0419,WH015,2025-02-26,156
SKU0252,WH006,2025-01-30,697
SKU0235,WH003,2025-01-29,103
SKU0294,WH029,2025-01-05,789
SKU0449,WH011,2025-01-05,523
SKU0403,WH008,2025-01-27,902
SKU0345,WH017,2025-01-12,723
SKU0462,WH049,2025-01-16,183
SKU0029,WH025,2025-01-17,700
SKU0240,WH012,2025-01-14,106
SKU0171,WH007,2025-02-28,859
SKU0410,WH043,2025-02-24,847
SKU0047,WH042,2025-01-08,896
SKU0270,WH004,2025-02-05,253
SKU0038,WH020,2025-02-22,848
SKU0286,WH024,2025-02-20,927
SKU0192,WH033,2025-01-02,580
SKU0081,WH017,2025-02-11,946
SKU0408,WH041,2025-02-05,470
SKU0262,WH012,2025-02-09,737
SKU0195,WH036,2025-02-11,985
SKU0101,WH023,2025-01-15,408
SKU0494,WH027,2025-01-19,526
SKU0020,WH003,2025-01-02,191
SKU0401,WH011,2025-02-07,990
SKU0105,WH014,2025-01-30,896
SKU0274,WH016,2025-02-04,577
SKU0057,WH026,2025-01-22,404
SKU0213,WH024,2025-02-19,516
SKU0035,WH002,2025-02-13,422
SKU0013,WH037,2025-02-09,126
SKU0253,WH043,2025-01-01,290
SKU0179,WH039,2025-02-27,662
SKU0192,WH046,2025-01-31,861
SKU0447,WH024,2025-01-22,739
SKU0053,WH037,2025-01-21,172
SKU0179,WH013,2025-01-02,129
SKU0335,WH028,2025-01-15,352
SKU0137,WH040,2025-01-23,372
SKU0297,WH050,2025-01-21,780
SKU0205,WH038,2025-02-15,134
SKU0364,WH038,2025-01-07,617
SKU0194,WH044,2025-02-20,523
SKU0157,WH002,2025-02-09,770
SKU0032,WH032,2025-01-17,854
SKU0205,WH004,2025-02-24,129
SKU0165,WH046,2025-01-14,842
SKU0160,WH031,2025-01-25,573
SKU0189,WH024,2025-03-01,424
SKU0099,WH039,2025-01-14,385
SKU0299,WH010,2025-01-08,746
SKU0172,WH050,2025-01-16,862
SKU0354,WH017,2025-02-02,145
SKU0409,WH027,2025-01-23,709
SKU0252,WH003,2025-02-16,619
SKU0111,WH009,2025-02-02,127
SKU0393,WH014,2025-01-08,199
SKU0381,WH030,2025-01-07,572
SKU0097,WH033,2025-02-19,554
SKU0315,WH036,2025-02-27,790
SKU0438,WH011,2025-02-25,689
SKU0009,WH036,2025-01-17,469
SKU0227,WH033,2025-01-22,720
SKU0465,WH050,2025-02-18,800
SKU0439,WH050,2025-01-12,318
SKU0050,WH028,2025-02-09,564
SKU0231,WH032,2025-02-25,575
SKU0490,WH013,2025-02-27,254
SKU0055,WH046,2025-02-16,857
SKU0312,WH008,2025-02-14,923
SKU0425,WH046,2025-02-12,905
SKU0469,WH031,2025-02-24,316
SKU0150,WH042,2025-01-30,307
SKU0194,WH032,2025-02-11,447
SKU0466,WH011,2025-02-10,452
SKU0143,WH003,2025-02-24,445
SKU0382,WH026,2025-01-30,767
SKU0241,WH040,2025-01-11,933
SKU0096,WH045,2025-01-09,769
SKU0190,WH041,2025-02-17,855
SKU0147,WH029,2025-02-06,573
SKU0423,WH042,2025-02-11,637
SKU0254,WH029,2025-02-15,656
SKU0370,WH009,2025-02-21,935
SKU0384,WH022,2025-02-23,593
SKU0133,WH019,2025-01-13,117
SKU0215,WH034,2025-02-17,702
SKU0484,WH002,2025-02-24,355
SKU0064,WH047,2025-01-30,298
SKU0076,WH027,2025-01-07,950
SKU0466,WH034,2025-01-06,271
SKU0357,WH025,2025-01-09,101
SKU0125,WH007,2025-02-04,225
SKU0400,WH022,2025-01-24,773
SKU0267,WH031,2025-01-22,731
SKU0344,WH005,2025-01-24,738
SKU0422,WH039,2025-01-15,659
SKU0237,WH006,2025-02-12,491
SKU0254,WH050,2025-01-14,775
SKU0097,WH035,2025-01-02,748
SKU0285,WH013,2025-01-06,891
SKU0301,WH008,2025-01-29,930
SKU0182,WH033,2025-01-17,896
SKU0150,WH039,2025-01-03,877
SKU0168,WH041,2025-02-20,826
SKU0032,WH043,2025-03-01,951
SKU0214,WH047,2025-02-19,943
SKU0155,WH031,2025-02-15,203
SKU0015,WH040,2025-01-29,877
SKU0144,WH043,2025-01-17,962
SKU0302,WH022,2025-02-24,332
SKU0090,WH026,2025-02-03,855
SKU0470,WH001,2025-02-06,461
SKU0209,WH026,2025-02-24,840
SKU0081,WH010,2025-02-28,881
SKU0428,WH035,2025-02-20,651
SKU0366,WH036,2025-02-22,840
SKU0192,WH045,2025-01-29,371
SKU0435,WH046,2025-01-24,469
SKU0498,WH049,2025-01-31,867
SKU0073,WH017,2025-01-23,339
SKU0255,WH048,2025-02-16,744
SKU0051,WH022,2025-02-03,353
SKU0243,WH012,2025-01-16,916
SKU0104,WH047,2025-02-10,459
SKU0067,WH011,2025-01-13,918
SKU0269,WH015,2025-02-15,391
SKU0363,WH030,2025-02-01,961
SKU0069,WH032,2025-02-12,357
SKU0254,WH039,2025-02-24,260
SKU0134,WH046,2025-02-04,769
SKU0402,WH024,2025-02-27,145
SKU0150,WH016,2025-01-25,973
SKU0225,WH029,2025-02-04,513
SKU0287,WH046,2025-01-24,344
SKU0477,WH044,2025-01-24,463
SKU0164,WH047,2025-01-19,234
SKU0190,WH039,2025-02-01,156
SKU0363,WH043,2025-02-18,417
SKU0037,WH008,2025-01-14,814
SKU0070,WH011,2025-01-04,764
SKU0056,WH024,2025-01-02,349
SKU0498,WH013,2025-01-06,710
SKU0031,WH027,2025-01-02,658
SKU0438,WH049,2025-01-17,273
SKU0495,WH023,2025-02-27,871
SKU0085,WH006,2025-01-04,825
SKU0168,WH028,2025-02-22,416
SKU0159,WH040,2025-02-13,612
SKU0203,WH031,2025-01-07,166
SKU0070,WH006,2025-02-11,688
SKU0156,WH008,2025-02-02,866
SKU0290,WH004,2025-02-11,485
SKU0125,WH041,2025-01-22,579
SKU0383,WH013,2025-02-06,200
SKU0139,WH047,2025-02-22,617
SKU0215,WH015,2025-02-23,168
SKU0243,WH044,2025-02-20,165
SKU0464,WH040,2025-01-23,556
SKU0001,WH049,2025-03-01,851
SKU0423,WH037,2025-02-04,813
SKU0108,WH025,2025-02-14,770
SKU0266,WH006,2025-01-07,358
SKU0198,WH021,2025-02-07,496
SKU0243,WH028,2025-01-03,480
SKU0411,WH050,2025-01-20,468
SKU0445,WH042,2025-01-11,102
SKU0183,WH028,2025-01-31,959
SKU0411,WH040,2025-01-25,341
SKU0156,WH010,2025-01-31,139
SKU0112,WH032,2025-02-28,391
SKU0451,WH044,2025-02-01,729
SKU0482,WH007,2025-02-15,538
SKU0444,WH004,2025-03-01,328
SKU0048,WH034,2025-01-27,806
SKU0225,WH034,2025-02-18,735
SKU0219,WH037,2025-01-30,709
SKU0203,WH015,2025-01-28,658
SKU0032,WH020,2025-02-05,795
SKU0132,WH042,2025-01-12,797
SKU0001,WH040,2025-01-20,483
SKU0187,WH041,2025-01-03,587
SKU0405,WH029,2025-02-26,505
SKU0491,WH008,2025-01-16,486
SKU0405,WH016,2025-01-14,722
SKU0446,WH038,2025-02-03,292
SKU0001,WH005,2025-02-20,846
SKU0402,WH050,2025-01-18,699
SKU0451,WH042,2025-01-24,704
SKU0071,WH034,2025-01-04,136
SKU0482,WH013,2025-02-25,237
SKU0497,WH043,2025-01-18,791
SKU0343,WH041,2025-02-08,236
SKU0007,WH002,2025-01-28,794
SKU0408,WH036,2025-02-10,818
SKU0008,WH008,2025-01-04,573
SKU0051,WH026,2025-01-14,506
SKU0071,WH031,2025-02-25,768
SKU0414,WH039,2025-01-07,982
SKU0296,WH029,2025-03-02,407
SKU0043,WH002,2025-01-06,497
SKU0043,WH029,2025-02-12,212
SKU0039,WH046,2025-02-06,306
SKU0084,WH039,2025-01-30,330
SKU0375,WH008,2025-01-19,441
SKU0149,WH002,2025-01-20,412
SKU0194,WH002,2025-01-04,149
SKU0005,WH047,2025-01-27,490
SKU0093,WH027,2025-02-09,308
SKU0013,WH038,2025-02-07,995
SKU0318,WH046,2025-01-07,585
SKU0430,WH024,2025-02-10,705
SKU0436,WH049,2025-01-07,945
SKU0462,WH033,2025-02-26,715
SKU0398,WH044,2025-02-02,243
SKU0058,WH012,2025-02-11,711
SKU0199,WH019,2025-01-26,879
SKU0147,WH040,2025-02-15,561
SKU0396,WH039,2025-02-01,357
SKU0470,WH013,2025-02-24,777
SKU0391,WH043,2025-02-24,962
SKU0379,WH044,2025-01-22,444
SKU0487,WH017,2025-01-16,634
SKU0438,WH014,2025-01-06,633
SKU0366,WH050,2025-01-09,447
SKU0035,WH005,2025-01-15,163
SKU0153,WH029,2025-02-18,753
SKU0065,WH045,2025-02-15,835
SKU0067,WH013,2025-01-02,723
SKU0496,WH042,2025-02-07,430
SKU0235,WH046,2025-01-12,121
SKU0194,WH002,2025-01-01,932
SKU0308,WH047,2025-02-08,472
SKU0373,WH013,2025-02-08,299
SKU0393,WH007,2025-02-06,602
SKU0136,WH015,2025-02-11,310
SKU0499,WH025,2025-02-06,147
SKU0379,WH020,2025-02-01,997
SKU0271,WH044,2025-01-08,762
SKU0385,WH005,2025-01-31,944
SKU0173,WH002,2025-01-17,919
SKU0075,WH016,2025-01-15,961
SKU0108,WH009,2025-01-19,173
SKU0111,WH038,2025-01-17,387
SKU0124,WH027,2025-01-24,245
SKU0154,WH009,2025-01-14,949
SKU0373,WH022,2025-01-12,784
SKU0140,WH038,2025-02-17,918
SKU0284,WH040,2025-02-05,650
SKU0023,WH010,2025-02-04,866
SKU0353,WH005,2025-02-19,240
SKU0360,WH046,2025-02-02,591
SKU0138,WH018,2025-01-06,313
SKU0050,WH024,2025-01-04,430
SKU0126,WH013,2025-02-18,867
SKU0086,WH007,2025-02-14,366
SKU0207,WH045,2025-01-01,233
SKU0225,WH041,2025-02-12,891
SKU0441,WH009,2025-01-13,431
SKU0040,WH036,2025-02-26,179
SKU0303,WH006,2025-01-17,620
SKU0480,WH028,2025-02-16,705
SKU0272,WH043,2025-01-19,370
SKU0463,WH012,2025-01-12,511
SKU0065,WH001,2025-02-12,563
SKU0276,WH004,2025-01-16,429
SKU0497,WH001,2025-01-02,368
SKU0133,WH035,2025-01-07,717
SKU0225,WH014,2025-01-30,903
SKU0450,WH035,2025-01-01,799
SKU0478,WH047,2025-02-28,235
SKU0140,WH001,2025-02-17,125
SKU0467,WH038,2025-01-04,481
SKU0374,WH038,2025-02-22,709
SKU0288,WH021,2025-02-13,425
SKU0257,WH042,2025-02-27,445
SKU0040,WH019,2025-02-10,201
SKU0081,WH007,2025-01-13,875
SKU0372,WH011,2025-01-21,825
SKU0323,WH043,2025-03-02,341
SKU0147,WH046,2025-02-12,765
SKU0017,WH012,2025-02-27,891
SKU0073,WH048,2025-01-12,872
SKU0099,WH050,2025-02-24,459
SKU0017,WH044,2025-01-20,580
SKU0376,WH014,2025-02-18,976
SKU0383,WH011,2025-02-01,742
SKU0408,WH032,2025-01-26,812
SKU0375,WH029,2025-01-11,941
SKU0449,WH030,2025-01-04,996
SKU0170,WH044,2025-01-02,112
SKU0049,WH036,2025-02-21,865
SKU0170,WH029,2025-01-02,727
SKU0036,WH002,2025-01-23,695
SKU0064,WH012,2025-02-16,429
SKU0016,WH049,2025-02-02,763
SKU0237,WH039,2025-01-31,266
SKU0369,WH028,2025-01-26,807
SKU0108,WH019,2025-01-28,599
SKU0101,WH047,2025-01-09,517
SKU0319,WH022,2025-01-06,248
SKU0412,WH040,2025-02-02,598
SKU0053,WH001,2025-02-07,355
SKU0106,WH039,2025-02-28,591
SKU0156,WH035,2025-02-05,923
SKU0245,WH019,2025-03-02,963
SKU0411,WH018,2025-01-27,387
SKU0336,WH032,2025-01-03,694
SKU0024,WH020,2025-02-03,221
SKU0154,WH002,2025-02-10,891
SKU0318,WH042,2025-02-07,195
SKU0188,WH041,2025-01-10,728
SKU0048,WH008,2025-02-02,873
SKU0031,WH045,2025-01-24,220
SKU0001,WH010,2025-02-26,110
SKU0313,WH011,2025-02-11,534
SKU0305,WH032,2025-01-11,226
SKU0194,WH047,2025-01-29,759
SKU0331,WH045,2025-01-28,907
SKU0166,WH018,2025-01-10,993
SKU0260,WH027,2025-01-02,566
SKU0410,WH049,2025-02-11,400
SKU0237,WH020,2025-01-25,821
SKU0155,WH030,2025-02-25,138
SKU0276,WH003,2025-01-22,352
SKU0448,WH012,2025-01-05,364
SKU0047,WH038,2025-01-17,988
SKU0140,WH019,2025-02-15,346
SKU0198,WH047,2025-02-20,462
SKU0244,WH025,2025-02-16,889
SKU0250,WH008,2025-01-24,217
SKU0371,WH027,2025-02-04,217
SKU0262,WH003,2025-02-23,693
SKU0362,WH048,2025-03-02,617
SKU0255,WH048,2025-01-03,804
SKU0150,WH032,2025-02-05,654
SKU0136,WH039,2025-02-06,242
SKU0408,WH019,2025-01-25,924
SKU0353,WH005,2025-01-25,170
SKU0470,WH018,2025-01-02,758
SKU0377,WH042,2025-02-04,604
SKU0469,WH030,2025-02-11,899
SKU0302,WH038,2025-01-10,980
SKU0163,WH003,2025-02-08,899
SKU0463,WH043,2025-02-23,927
SKU0296,WH021,2025-02-11,268
SKU0338,WH016,2025-01-02,150
SKU0210,WH017,2025-01-08,660
SKU0199,WH029,2025-02-26,252
SKU0361,WH024,2025-01-07,156
SKU0443,WH031,2025-02-07,164
SKU0002,WH005,2025-03-01,817
SKU0316,WH027,2025-02-17,799
SKU0105,WH017,2025-01-16,360
SKU0437,WH005,2025-01-04,411
SKU0265,WH038,2025-02-11,733
SKU0374,WH036,2025-02-10,965
SKU0436,WH026,2025-01-11,593
SKU0198,WH028,2025-01-26,400
SKU0415,WH031,2025-02-20,444
SKU0163,WH035,2025-01-08,277
SKU0432,WH013,2025-01-18,732
SKU0002,WH044,2025-02-07,714
SKU0207,WH031,2025-01-31,248
SKU0267,WH037,2025-01-26,727
SKU0386,WH012,2025-02-18,445
SKU0418,WH009,2025-01-24,703
SKU0431,WH029,2025-01-01,221
SKU0434,WH035,2025-01-25,635
SKU0217,WH043,2025-02-10,218
SKU0368,WH046,2025-01-16,528
SKU0408,WH037,2025-02-05,932
SKU0480,WH042,2025-01-05,705
SKU0314,WH007,2025-02-28,996
SKU0480,WH040,2025-02-25,909
SKU0162,WH041,2025-02-09,894
SKU0151,WH012,2025-01-06,386
SKU0398,WH031,2025-01-18,668
SKU0028,WH025,2025-01-08,953
SKU0108,WH016,2025-01-18,583
SKU0453,WH048,2025-01-30,960
SKU0169,WH010,2025-01-30,740
SKU0117,WH034,2025-02-01,948
SKU0402,WH030,2025-01-30,687
SKU0048,WH011,2025-02-24,371
SKU0101,WH039,2025-01-29,725
SKU0438,WH012,2025-02-20,824
SKU0305,WH022,2025-01-30,804
SKU0436,WH017,2025-02-20,593
SKU0310,WH005,2025-02-23,766
SKU0120,WH012,2025-01-29,892
SKU0332,WH042,2025-02-26,495
SKU0090,WH030,2025-01-28,562
SKU0371,WH045,2025-02-03,982
SKU0246,WH036,2025-02-25,887
SKU0393,WH024,2025-02-28,861
SKU0349,WH031,2025-02-06,199
SKU0270,WH005,2025-02-03,336
SKU0445,WH035,2025-01-15,182
SKU0337,WH030,2025-02-06,464
SKU0145,WH012,2025-03-02,962
SKU0246,WH006,2025-02-24,850
SKU0061,WH039,2025-01-06,525
SKU0256,WH006,2025-02-15,395
SKU0342,WH005,2025-01-13,768
SKU0137,WH032,2025-02-08,656
SKU0073,WH039,2025-02-16,443
SKU0459,WH016,2025-02-13,706
SKU0490,WH010,2025-02-12,886
SKU0159,WH050,2025-02-27,937
SKU0398,WH034,2025-02-09,305
SKU0136,WH049,2025-02-09,349
SKU0114,WH035,2025-02-18,105
SKU0146,WH026,2025-01-20,712
SKU0120,WH033,2025-01-31,204
SKU0104,WH013,2025-01-12,952
SKU0183,WH042,2025-01-20,856
SKU0465,WH005,2025-02-07,218
SKU0301,WH013,2025-01-30,139
SKU0254,WH025,2025-02-27,721
SKU0329,WH025,2025-01-19,363
SKU0147,WH022,2025-01-11,808
SKU0268,WH008,2025-01-25,728
SKU0332,WH016,2025-02-05,585
SKU0446,WH039,2025-01-10,593
SKU0150,WH013,2025-01-01,298
SKU0172,WH003,2025-03-02,729
SKU0079,WH033,2025-02-20,351
SKU0086,WH017,2025-03-02,800
SKU0338,WH014,2025-02-22,880
SKU0340,WH021,2025-01-05,107
SKU0224,WH035,2025-02-11,631
SKU0384,WH040,2025-01-18,694
SKU0040,WH018,2025-01-20,123
SKU0170,WH042,2025-01-14,155
SKU0292,WH037,2025-01-31,891
SKU0469,WH035,2025-01-15,897
SKU0243,WH013,2025-01-27,690
SKU0184,WH046,2025-01-31,728
SKU0336,WH042,2025-02-05,492
SKU0350,WH029,2025-01-10,764
SKU0408,WH042,2025-02-11,589
SKU0076,WH014,2025-02-03,259
SKU0129,WH002,2025-02-12,900
SKU0047,WH021,2025-01-07,356
SKU0042,WH013,2025-02-12,353
SKU0143,WH035,2025-02-26,565
SKU0402,WH041,2025-01-31,399
SKU0154,WH019,2025-02-23,620
SKU0380,WH040,2025-01-19,644
SKU0159,WH018,2025-02-11,591
SKU0339,WH021,2025-01-16,187
SKU0025,WH032,2025-02-18,147
SKU0301,WH047,2025-01-26,904
SKU0497,WH020,2025-01-16,148
SKU0429,WH004,2025-01-08,197
SKU0249,WH049,2025-02-06,848
SKU0112,WH048,2025-02-27,860
SKU0500,WH004,2025-03-01,122
SKU0464,WH011,2025-02-12,570
SKU0209,WH008,2025-01-04,113
SKU0227,WH039,2025-02-05,129
SKU0098,WH002,2025-02-26,651
SKU0119,WH016,2025-01-27,604
SKU0290,WH022,2025-02-26,537
SKU0201,WH042,2025-02-01,111
SKU0384,WH024,2025-02-09,180
SKU0282,WH002,2025-02-05,251
SKU0058,WH029,2025-02-06,622
SKU0018,WH009,2025-01-25,472
SKU0123,WH015,2025-02-26,711
SKU0010,WH030,2025-01-25,459
SKU0477,WH013,2025-02-23,791
SKU0140,WH022,2025-02-06,500
SKU0233,WH038,2025-02-18,550
SKU0032,WH046,2025-01-18,648
SKU0192,WH031,2025-02-10,259
SKU0059,WH003,2025-01-08,345
SKU0133,WH016,2025-01-03,358
SKU0370,WH009,2025-01-02,705
SKU0052,WH043,2025-01-14,543
SKU0022,WH008,2025-01-25,562
SKU0416,WH046,2025-01-09,199
SKU0391,WH019,2025-01-05,206
SKU0305,WH027,2025-01-03,971
SKU0464,WH020,2025-01-21,399
SKU0290,WH028,2025-02-11,949
SKU0275,WH031,2025-01-25,511
SKU0036,WH002,2025-02-06,376
SKU0437,WH029,2025-01-04,530
SKU0184,WH013,2025-02-17,403
SKU0202,WH038,2025-02-08,667
SKU0389,WH011,2025-01-27,426
SKU0368,WH047,2025-01-06,508
SKU0004,WH046,2025-02-07,506
SKU0376,WH014,2025-01-30,369
SKU0058,WH031,2025-02-03,669
SKU0297,WH009,2025-01-23,888
SKU0120,WH009,2025-01-25,407
SKU0240,WH011,2025-02-03,458
SKU0466,WH026,2025-01-01,767
SKU0090,WH011,2025-01-15,330
SKU0192,WH002,2025-01-19,625
SKU0354,WH009,2025-02-20,124
SKU0057,WH023,2025-01-04,645
SKU0236,WH018,2025-01-30,415
SKU0456,WH012,2025-01-29,379
SKU0440,WH045,2025-01-14,566
SKU0237,WH014,2025-01-27,986
SKU0444,WH006,2025-02-18,183
SKU0029,WH026,2025-01-31,856
SKU0005,WH022,2025-01-02,569
SKU0430,WH024,2025-02-17,736
SKU0374,WH022,2025-01-23,442
SKU0075,WH014,2025-02-27,991
SKU0346,WH015,2025-01-10,583
SKU0383,WH026,2025-01-15,589
SKU0154,WH009,2025-02-21,518
SKU0056,WH032,2025-02-05,728
SKU0262,WH038,2025-01-07,500
SKU0491,WH036,2025-01-27,204
SKU0116,WH025,2025-02-05,244
SKU0229,WH015,2025-01-24,106
SKU0164,WH035,2025-01-27,558
SKU0373,WH019,2025-03-02,267
SKU0006,WH042,2025-02-25,970
SKU0097,WH008,2025-02-06,713
SKU0419,WH002,2025-01-11,558
SKU0024,WH007,2025-01-04,768
SKU0029,WH021,2025-02-20,247
SKU0076,WH024,2025-01-28,314
SKU0062,WH026,2025-01-29,302
SKU0410,WH024,2025-02-24,194
SKU0087,WH047,2025-02-15,877
SKU0303,WH040,2025-01-29,950
SKU0077,WH026,2025-02-15,552
SKU0195,WH018,2025-01-07,754
SKU0214,WH049,2025-02-25,741
SKU0126,WH016,2025-02-23,260
SKU0068,WH005,2025-02-03,864
SKU0281,WH048,2025-01-16,349
SKU0425,WH008,2025-02-28,419
SKU0326,WH049,2025-01-19,527
SKU0223,WH031,2025-01-12,195
SKU0086,WH019,2025-02-23,614
SKU0171,WH040,2025-02-17,400
SKU0372,WH012,2025-01-31,594
SKU0146,WH037,2025-01-28,121
SKU0122,WH041,2025-01-09,406
SKU0183,WH043,2025-02-25,278
SKU0493,WH007,2025-01-29,874
SKU0473,WH021,2025-02-14,355
SKU0249,WH016,2025-02-13,332
SKU0438,WH049,2025-02-07,598
SKU0133,WH043,2025-02-24,252
SKU0329,WH049,2025-02-24,760
SKU0317,WH012,2025-03-01,654
SKU0371,WH018,2025-02-17,758
SKU0476,WH026,2025-02-18,171
SKU0141,WH032,2025-02-07,473
SKU0110,WH032,2025-03-01,105
SKU0300,WH034,2025-02-23,493
SKU0480,WH040,2025-02-14,857
SKU0062,WH041,2025-02-01,405
SKU0104,WH005,2025-01-15,841
SKU0122,WH006,2025-01-13,499
SKU0188,WH007,2025-02-10,675
SKU0160,WH042,2025-02-15,679
SKU0138,WH048,2025-01-04,155
SKU0058,WH042,2025-01-03,833
SKU0297,WH028,2025-01-27,397
SKU0054,WH013,2025-02-17,922
SKU0260,WH019,2025-01-25,784
SKU0392,WH024,2025-01-12,322
SKU0216,WH019,2025-02-14,922
SKU0016,WH011,2025-02-14,259
SKU0086,WH040,2025-02-04,425
SKU0033,WH044,2025-01-31,163
SKU0453,WH021,2025-01-07,707
SKU0216,WH003,2025-02-22,443
SKU0270,WH005,2025-02-04,420
SKU0497,WH006,2025-02-07,844
SKU0302,WH043,2025-01-26,777
SKU0474,WH042,2025-02-13,782
SKU0492,WH019,2025-02-20,473
SKU0047,WH012,2025-01-03,641
SKU0121,WH030,2025-01-21,344
SKU0478,WH019,2025-02-04,914
SKU0436,WH016,2025-01-08,428
SKU0209,WH043,2025-02-18,149
SKU0372,WH003,2025-01-09,247
SKU0122,WH017,2025-01-05,698
SKU0133,WH038,2025-01-25,161
SKU0133,WH050,2025-01-23,289
SKU0184,WH021,2025-02-20,793
SKU0293,WH005,2025-01-18,451
SKU0478,WH001,2025-02-05,547
SKU0416,WH030,2025-02-17,213
SKU0371,WH002,2025-02-03,729
SKU0411,WH027,2025-02-03,156
SKU0251,WH040,2025-01-05,249
SKU0450,WH015,2025-02-05,898
SKU0458,WH028,2025-01-05,669
SKU0321,WH028,2025-01-11,975
SKU0145,WH009,2025-01-30,418
SKU0148,WH038,2025-02-22,302
SKU0352,WH033,2025-02-18,381
SKU0052,WH043,2025-03-01,605
SKU0366,WH036,2025-02-16,269
SKU0089,WH007,2025-01-22,198
SKU0266,WH020,2025-02-13,920
SKU0416,WH004,2025-01-16,330
SKU0161,WH032,2025-01-08,795
SKU0266,WH028,2025-01-20,941
SKU0416,WH033,2025-02-12,753
SKU0390,WH030,2025-01-13,284
SKU0352,WH043,2025-01-30,301
SKU0288,WH040,2025-01-14,382
SKU0489,WH009,2025-01-10,944
SKU0181,WH015,2025-01-31,652
SKU0269,WH008,2025-01-15,271
SKU0016,WH047,2025-01-12,240
SKU0070,WH017,2025-01-15,749
SKU0465,WH045,2025-02-09,228
SKU0066,WH037,2025-02-06,879
SKU0003,WH044,2025-02-12,789
SKU0018,WH002,2025-01-27,149
SKU0366,WH024,2025-01-04,500
SKU0280,WH008,2025-01-07,680
SKU0338,WH008,2025-02-11,630
SKU0381,WH040,2025-01-28,824
SKU0496,WH008,2025-02-19,379
SKU0320,WH013,2025-01-17,474
SKU0079,WH008,2025-02-12,396
SKU0248,WH011,2025-02-04,782
SKU0162,WH018,2025-01-23,552
SKU0101,WH043,2025-02-24,514
SKU0087,WH032,2025-02-10,569
SKU0130,WH030,2025-01-22,568
SKU0079,WH023,2025-02-28,888
SKU0174,WH044,2025-02-02,301
SKU0201,WH032,2025-01-02,787
SKU0163,WH029,2025-02-15,365
SKU0269,WH049,2025-02-07,749
SKU0031,WH001,2025-01-15,617
SKU0099,WH001,2025-03-02,429
SKU0496,WH016,2025-02-02,596
SKU0216,WH050,2025-02-17,641
SKU0399,WH032,2025-02-27,492
SKU0168,WH017,2025-02-07,490
SKU0120,WH047,2025-02-06,828
SKU0153,WH005,2025-01-06,476
SKU0271,WH008,2025-01-20,221
SKU0389,WH010,2025-01-11,649
SKU0417,WH023,2025-01-01,136
SKU0379,WH038,2025-02-15,603
SKU0125,WH003,2025-01-25,735
SKU0268,WH001,2025-02-14,459
SKU0383,WH038,2025-02-05,380
SKU0223,WH004,2025-01-31,294
SKU0325,WH038,2025-01-01,169
SKU0469,WH030,2025-02-10,436
SKU0324,WH017,2025-01-01,909
SKU0184,WH014,2025-02-09,417
SKU0289,WH014,2025-01-16,495
SKU0037,WH046,2025-02-23,443
SKU0489,WH032,2025-02-03,291
SKU0344,WH026,2025-01-24,972
SKU0112,WH006,2025-02-06,326
SKU0027,WH030,2025-02-28,189
SKU0194,WH009,2025-02-14,123
SKU0289,WH050,2025-01-14,939
SKU0404,WH004,2025-03-02,792
SKU0494,WH041,2025-01-15,563
SKU0435,WH039,2025-01-14,771
SKU0485,WH004,2025-01-19,588
SKU0458,WH008,2025-01-15,283
SKU0485,WH015,2025-01-16,764
SKU0009,WH002,2025-02-17,645
SKU0318,WH025,2025-02-25,448
SKU0455,WH005,2025-01-04,376
SKU0500,WH009,2025-01-27,538
SKU0399,WH006,2025-01-10,352
SKU0411,WH037,2025-02-07,864
SKU0253,WH043,2025-02-28,444
SKU0032,WH020,2025-02-01,832
SKU0070,WH018,2025-01-02,717
SKU0177,WH023,2025-01-23,360
SKU0434,WH002,2025-01-26,935
SKU0321,WH048,2025-01-23,428
SKU0026,WH042,2025-01-14,121
SKU0058,WH029,2025-01-20,572
SKU0078,WH046,2025-01-22,117
SKU0127,WH024,2025-02-22,240
SKU0215,WH036,2025-01-13,483
SKU0324,WH031,2025-02-19,467
SKU0492,WH024,2025-02-13,486
SKU0411,WH042,2025-02-21,970
SKU0388,WH006,2025-02-27,119
SKU0362,WH034,2025-01-24,879
SKU0330,WH047,2025-02-18,421
SKU0178,WH036,2025-02-12,262
SKU0200,WH038,2025-01-12,121
SKU0350,WH029,2025-01-26,491
SKU0019,WH032,2025-01-06,346
SKU0060,WH003,2025-01-18,979
SKU0386,WH035,2025-02-22,683
SKU0494,WH045,2025-01-01,140
SKU0364,WH027,2025-02-27,688
SKU0369,WH047,2025-02-28,603
SKU0018,WH006,2025-02-11,583
SKU0391,WH030,2025-01-17,418
SKU0272,WH014,2025-02-24,292
SKU0435,WH009,2025-01-30,523
SKU0316,WH038,2025-02-05,526
SKU0125,WH036,2025-02-06,591
SKU0415,WH010,2025-01-12,380
SKU0472,WH021,2025-01-19,125
SKU0291,WH009,2025-01-26,610
SKU0343,WH037,2025-02-13,655
SKU0206,WH021,2025-03-02,160
SKU0387,WH030,2025-02-15,643
SKU0434,WH016,2025-01-24,552
SKU0140,WH025,2025-03-02,911
SKU0093,WH037,2025-02-04,637
SKU0436,WH030,2025-02-04,474
SKU0317,WH035,2025-01-09,728
SKU0185,WH011,2025-01-07,529
SKU0007,WH026,2025-01-22,131
SKU0173,WH008,2025-02-11,713
SKU0397,WH044,2025-01-07,970
SKU0135,WH015,2025-01-14,438
SKU0100,WH004,2025-01-06,966
SKU0416,WH021,2025-02-03,202
SKU0412,WH022,2025-02-10,567
SKU0228,WH003,2025-02-17,753
SKU0337,WH048,2025-02-22,980
SKU0300,WH021,2025-01-29,929
SKU0135,WH021,2025-01-31,118
SKU0190,WH010,2025-02-05,791
SKU0333,WH040,2025-01-03,390
SKU0214,WH025,2025-02-20,857
SKU0389,WH018,2025-01-18,935
SKU0430,WH043,2025-01-31,190
SKU0050,WH024,2025-02-06,354
SKU0306,WH027,2025-01-07,256
SKU0215,WH003,2025-02-07,705
SKU0217,WH024,2025-02-03,619
SKU0475,WH004,2025-02-28,463
SKU0186,WH018,2025-02-04,546
SKU0365,WH006,2025-01-20,177
SKU0420,WH002,2025-02-27,731
SKU0364,WH011,2025-01-02,421
SKU0232,WH030,2025-02-18,806
SKU0451,WH016,2025-01-09,862
SKU0415,WH039,2025-02-04,490
SKU0214,WH018,2025-03-01,801
SKU0487,WH031,2025-01-05,618
SKU0223,WH002,2025-01-18,809
SKU0470,WH016,2025-01-24,247
SKU0339,WH030,2025-01-31,561
SKU0198,WH049,2025-02-11,894
SKU0416,WH004,2025-01-13,724
SKU0307,WH023,2025-01-13,344
SKU0036,WH023,2025-01-07,757
SKU0075,WH023,2025-01-08,481
SKU0191,WH012,2025-01-31,833
SKU0086,WH022,2025-02-23,909
SKU0080,WH034,2025-02-06,814
SKU0390,WH005,2025-02-21,246
SKU0437,WH013,2025-02-20,367
SKU0138,WH003,2025-02-01,704
SKU0269,WH035,2025-01-18,507
SKU0163,WH040,2025-01-10,916
SKU0259,WH048,2025-02-16,335
SKU0378,WH011,2025-01-28,971
SKU0470,WH032,2025-02-25,248
SKU0376,WH036,2025-01-25,514
SKU0430,WH034,2025-02-14,550
SKU0336,WH018,2025-02-19,831
SKU0287,WH024,2025-02-08,977
SKU0453,WH011,2025-02-11,740
SKU0325,WH037,2025-02-28,135
SKU0193,WH036,2025-01-31,827
SKU0476,WH003,2025-02-05,753
SKU0272,WH037,2025-02-28,599
SKU0481,WH022,2025-01-15,541
SKU0156,WH047,2025-01-18,436
SKU0432,WH043,2025-01-18,532
SKU0186,WH048,2025-02-09,111
SKU0320,WH013,2025-02-15,140
SKU0095,WH027,2025-01-14,274
SKU0185,WH030,2025-02-02,603
SKU0381,WH039,2025-01-20,459
SKU0142,WH028,2025-02-01,676
SKU0340,WH025,2025-01-19,319
SKU0161,WH003,2025-01-04,788
SKU0075,WH008,2025-03-01,501
SKU0263,WH024,2025-02-21,687
SKU0386,WH006,2025-01-29,302
SKU0150,WH009,2025-01-25,374
SKU0438,WH042,2025-01-25,503
SKU0284,WH034,2025-01-17,961
SKU0055,WH037,2025-02-01,439
SKU0137,WH024,2025-01-27,725
SKU0126,WH020,2025-01-18,129
SKU0095,WH005,2025-02-01,131
SKU0407,WH003,2025-02-24,987
SKU0180,WH026,2025-02-23,246
SKU0168,WH050,2025-01-03,234
SKU0218,WH029,2025-02-03,813
SKU0057,WH036,2025-02-04,397
SKU0487,WH042,2025-01-01,153
SKU0403,WH048,2025-01-02,485
SKU0409,WH048,2025-02-02,331
SKU0138,WH034,2025-01-24,321
SKU0477,WH007,2025-02-12,832
SKU0001,WH023,2025-02-04,911
SKU0262,WH038,2025-02-03,128
SKU0344,WH019,2025-02-14,454
SKU0060,WH018,2025-01-26,502
SKU0037,WH008,2025-02-09,701
SKU0447,WH020,2025-02-15,697
SKU0411,WH047,2025-02-17,208
SKU0455,WH025,2025-01-02,536
SKU0102,WH042,2025-02-09,605
SKU0243,WH002,2025-01-15,213
SKU0404,WH042,2025-01-25,342
SKU0283,WH039,2025-02-16,479
SKU0138,WH018,2025-01-15,862
SKU0414,WH016,2025-02-14,456
SKU0282,WH042,2025-01-22,984
SKU0113,WH024,2025-01-03,954
SKU0349,WH015,2025-02-15,311
SKU0255,WH010,2025-02-19,1000
SKU0234,WH017,2025-02-19,986
SKU0042,WH033,2025-02-20,714
SKU0488,WH027,2025-02-14,514
SKU0193,WH024,2025-02-07,562
SKU0435,WH031,2025-01-27,988
SKU0181,WH002,2025-02-03,525
SKU0246,WH018,2025-02-15,831
SKU0164,WH020,2025-01-31,797
SKU0086,WH044,2025-01-02,101
SKU0363,WH029,2025-02-26,591
SKU0486,WH041,2025-02-09,345
SKU0239,WH005,2025-01-24,456
SKU0227,WH027,2025-02-14,908
SKU0287,WH004,2025-02-26,573
SKU0239,WH001,2025-01-06,267
SKU0163,WH005,2025-01-21,730
SKU0172,WH016,2025-02-08,839
SKU0198,WH048,2025-03-01,951
SKU0369,WH014,2025-02-14,394
SKU0345,WH015,2025-01-21,993
SKU0341,WH029,2025-01-01,267
SKU0294,WH044,2025-02-22,591
SKU0278,WH021,2025-03-02,263
SKU0469,WH023,2025-02-27,510
SKU0196,WH013,2025-02-06,195
SKU0065,WH044,2025-02-09,436
SKU0091,WH021,2025-01-06,649
SKU0327,WH034,2025-02-17,944
SKU0495,WH014,2025-01-15,820
SKU0284,WH016,2025-01-23,109
SKU0272,WH038,2025-01-28,315
SKU0232,WH009,2025-01-03,297
SKU0068,WH043,2025-01-10,923
SKU0257,WH044,2025-01-18,469
SKU0264,WH016,2025-02-23,130
SKU0260,WH001,2025-01-07,355
SKU0453,WH025,2025-01-19,190
SKU0304,WH031,2025-01-05,115
SKU0367,WH012,2025-01-07,322
SKU0466,WH012,2025-02-07,499
SKU0307,WH011,2025-02-07,583
SKU0477,WH037,2025-01-31,251
SKU0367,WH003,2025-02-09,304
SKU0499,WH038,2025-01-27,900
SKU0392,WH019,2025-02-15,969
SKU0481,WH035,2025-01-06,378
SKU0037,WH035,2025-01-30,331
SKU0261,WH035,2025-01-23,787
SKU0183,WH011,2025-02-25,993
SKU0411,WH038,2025-01-02,756
SKU0488,WH019,2025-02-10,230
SKU0153,WH015,2025-03-01,962
SKU0353,WH032,2025-02-08,929
SKU0474,WH030,2025-01-02,175
SKU0441,WH042,2025-02-18,736
SKU0145,WH036,2025-01-31,871
SKU0273,WH044,2025-02-22,766
SKU0495,WH004,2025-02-10,107
SKU0180,WH009,2025-01-07,790
SKU0141,WH040,2025-02-23,835
SKU0362,WH010,2025-02-21,755
SKU0225,WH028,2025-02-19,527
SKU0060,WH002,2025-01-18,122
SKU0195,WH049,2025-01-26,864
SKU0349,WH041,2025-02-05,115
SKU0237,WH033,2025-02-22,694
SKU0068,WH002,2025-01-26,438
SKU0067,WH020,2025-02-25,221
SKU0152,WH021,2025-01-29,750
SKU0035,WH022,2025-02-11,980
SKU0030,WH044,2025-01-06,770
SKU0038,WH011,2025-02-01,202
SKU0163,WH046,2025-01-15,835
SKU0396,WH041,2025-02-03,521
SKU0131,WH023,2025-01-23,986
SKU0483,WH017,2025-01-28,868
SKU0408,WH023,2025-02-14,308
SKU0395,WH038,2025-02-16,639
SKU0021,WH041,2025-01-15,217
SKU0431,WH037,2025-02-15,472
SKU0220,WH021,2025-01-16,294
SKU0104,WH013,2025-02-20,161
SKU0405,WH002,2025-01-16,262
SKU0499,WH013,2025-02-10,670
SKU0401,WH035,2025-02-05,931
SKU0078,WH015,2025-02-28,803
SKU0389,WH042,2025-03-02,951
SKU0300,WH023,2025-02-04,257
SKU0207,WH045,2025-02-27,340
SKU0337,WH013,2025-03-01,820
SKU0317,WH002,2025-02-19,157
SKU0196,WH025,2025-01-26,310
SKU0283,WH040,2025-01-10,523
SKU0339,WH042,2025-01-10,644
SKU0196,WH021,2025-03-02,347
SKU0064,WH012,2025-02-17,793
SKU0238,WH014,2025-01-17,538
SKU0037,WH006,2025-02-11,309
SKU0385,WH042,2025-02-04,248
SKU0369,WH003,2025-02-06,766
SKU0060,WH048,2025-02-09,642
SKU0202,WH015,2025-01-16,588
SKU0441,WH041,2025-01-26,563
SKU0454,WH029,2025-01-09,655
SKU0355,WH006,2025-02-10,596
SKU0099,WH038,2025-01-24,795
SKU0080,WH026,2025-01-06,603
SKU0455,WH029,2025-01-01,936
SKU0190,WH015,2025-01-02,823
SKU0289,WH012,2025-01-26,234
SKU0463,WH022,2025-02-19,816
SKU0068,WH015,2025-01-09,863
SKU0285,WH003,2025-01-23,726
SKU0221,WH025,2025-02-26,283
SKU0012,WH037,2025-02-05,570
SKU0214,WH046,2025-02-16,695
SKU0377,WH043,2025-01-17,519
SKU0105,WH047,2025-02-12,984
SKU0005,WH032,2025-02-20,861
SKU0271,WH017,2025-01-08,833
SKU0341,WH029,2025-02-04,325
SKU0058,WH022,2025-01-18,327
SKU0393,WH011,2025-02-25,494
SKU0479,WH001,2025-01-25,943
SKU0054,WH036,2025-01-21,612
SKU0072,WH006,2025-01-24,649
SKU0263,WH028,2025-02-16,518
SKU0356,WH031,2025-02-17,271
SKU0419,WH008,2025-03-01,138
SKU0292,WH049,2025-01-09,663
SKU0451,WH034,2025-02-20,682
SKU0457,WH018,2025-02-22,948
SKU0473,WH037,2025-02-25,273
SKU0485,WH048,2025-02-15,192
SKU0288,WH016,2025-01-09,380
SKU0484,WH023,2025-02-08,591
SKU0107,WH006,2025-02-22,321
SKU0187,WH050,2025-01-04,391
SKU0499,WH005,2025-01-29,903
SKU0481,WH034,2025-01-16,803
SKU0085,WH045,2025-01-17,856
SKU0194,WH018,2025-01-08,799
SKU0018,WH032,2025-02-01,388
SKU0273,WH009,2025-01-06,192
SKU0062,WH013,2025-02-16,149
SKU0190,WH032,2025-02-17,584
SKU0271,WH045,2025-01-16,734
SKU0373,WH007,2025-01-31,602
SKU0091,WH040,2025-01-03,519
SKU0087,WH007,2025-02-18,496
SKU0367,WH015,2025-02-18,939
SKU0359,WH034,2025-02-06,141
SKU0384,WH039,2025-01-21,791
SKU0101,WH015,2025-02-24,302
SKU0315,WH041,2025-01-28,586
SKU0197,WH049,2025-01-09,284
SKU0162,WH041,2025-02-08,256
SKU0126,WH024,2025-02-26,854
SKU0340,WH043,2025-01-07,522
SKU0333,WH019,2025-02-13,395
SKU0109,WH045,2025-02-16,507
SKU0075,WH009,2025-02-13,300
SKU0250,WH002,2025-01-10,411
SKU0348,WH032,2025-01-23,858
SKU0068,WH014,2025-02-02,786
SKU0424,WH044,2025-02-19,191
SKU0399,WH018,2025-01-26,760
SKU0475,WH032,2025-01-21,805
SKU0303,WH016,2025-02-17,279
SKU0329,WH040,2025-02-02,984
SKU0336,WH014,2025-02-26,283
SKU0246,WH015,2025-01-19,207
SKU0150,WH035,2025-02-25,164
SKU0468,WH011,2025-01-06,572
SKU0499,WH048,2025-02-14,903
SKU0444,WH041,2025-01-08,756
SKU0306,WH014,2025-01-24,250
SKU0101,WH008,2025-03-01,327
SKU0058,WH019,2025-01-15,369
SKU0460,WH005,2025-02-27,757
SKU0212,WH006,2025-01-20,608
SKU0097,WH003,2025-01-24,987
SKU0371,WH013,2025-02-26,530
SKU0486,WH038,2025-01-11,385
SKU0429,WH046,2025-02-22,446
SKU0149,WH026,2025-02-13,795
SKU0302,WH044,2025-02-23,529
SKU0044,WH040,2025-01-19,231
SKU0073,WH012,2025-01-24,615
SKU0199,WH024,2025-02-05,873
SKU0059,WH047,2025-02-25,204
SKU0329,WH041,2025-01-05,352
SKU0416,WH030,2025-02-02,567
SKU0404,WH026,2025-02-20,238
SKU0221,WH008,2025-01-13,797
SKU0386,WH040,2025-01-02,599
SKU0111,WH010,2025-01-24,359
SKU0340,WH018,2025-02-01,885
SKU0025,WH018,2025-02-10,858
SKU0235,WH047,2025-02-12,111
SKU0385,WH001,2025-02-12,472
SKU0070,WH038,2025-02-12,465
SKU0372,WH046,2025-02-03,100
SKU0317,WH019,2025-01-03,613
SKU0293,WH044,2025-02-23,319
SKU0151,WH039,2025-01-18,508
SKU0415,WH016,2025-01-21,215
SKU0381,WH031,2025-01-16,144
SKU0239,WH004,2025-02-13,575
SKU0251,WH018,2025-01-25,381
SKU0133,WH024,2025-01-24,115
SKU0031,WH022,2025-01-20,477
SKU0291,WH001,2025-01-28,921
SKU0148,WH006,2025-01-03,716
SKU0039,WH001,2025-01-17,749
SKU0321,WH005,2025-01-30,416
SKU0396,WH041,2025-01-03,458
SKU0153,WH028,2025-02-28,332
SKU0087,WH039,2025-01-20,321
SKU0251,WH017,2025-01-01,853
SKU0082,WH042,2025-01-19,837
SKU0389,WH043,2025-02-17,845
SKU0242,WH023,2025-01-10,857
SKU0390,WH043,2025-01-12,114
SKU0098,WH010,2025-01-28,700
SKU0252,WH008,2025-02-12,123
SKU0167,WH008,2025-02-19,656
SKU0391,WH021,2025-02-14,117
SKU0179,WH035,2025-02-23,115
SKU0081,WH035,2025-01-30,654
SKU0478,WH050,2025-03-02,561
SKU0175,WH027,2025-02-14,523
SKU0017,WH035,2025-01-21,953
SKU0178,WH018,2025-01-17,353
SKU0487,WH037,2025-01-11,296
SKU0412,WH034,2025-03-01,743
SKU0083,WH005,2025-02-12,879
SKU0396,WH025,2025-01-26,314
SKU0250,WH017,2025-02-06,956
SKU0016,WH034,2025-01-16,234
SKU0087,WH050,2025-01-12,828
SKU0486,WH036,2025-01-20,194
SKU0195,WH019,2025-02-20,503
SKU0212,WH011,2025-01-04,343
SKU0288,WH003,2025-01-02,126
SKU0218,WH018,2025-02-27,211
SKU0208,WH043,2025-01-26,555
SKU0390,WH016,2025-01-23,120
SKU0236,WH031,2025-02-14,437
SKU0441,WH010,2025-01-21,349
SKU0237,WH046,2025-02-21,654
SKU0280,WH034,2025-01-12,713
SKU0348,WH024,2025-01-20,171
SKU0255,WH028,2025-02-15,959
SKU0431,WH024,2025-01-25,355
SKU0383,WH013,2025-02-28,931
SKU0172,WH019,2025-02-03,425
SKU0267,WH033,2025-02-16,990
SKU0238,WH006,2025-01-16,417
SKU0482,WH024,2025-02-06,798
SKU0430,WH037,2025-02-21,297
SKU0497,WH037,2025-02-16,496
SKU0267,WH044,2025-02-21,395
SKU0280,WH027,2025-02-07,896
SKU0228,WH022,2025-01-22,447
SKU0381,WH012,2025-02-14,829
SKU0033,WH043,2025-01-01,979
SKU0316,WH007,2025-01-17,528
SKU0431,WH009,2025-01-19,312
SKU0261,WH033,2025-01-05,864
SKU0199,WH018,2025-02-26,819
SKU0413,WH011,2025-02-17,146
SKU0437,WH031,2025-01-07,433
SKU0397,WH004,2025-02-14,976
SKU0033,WH005,2025-01-16,100
SKU0314,WH006,2025-02-02,173
SKU0380,WH007,2025-01-25,328
SKU0036,WH024,2025-01-03,183
SKU0117,WH023,2025-02-14,197
SKU0457,WH023,2025-01-21,322
SKU0423,WH038,2025-02-18,411
SKU0409,WH050,2025-01-06,823
SKU0373,WH028,2025-01-19,552
SKU0122,WH048,2025-02-05,203
SKU0212,WH039,2025-01-22,818
SKU0198,WH002,2025-01-30,747
SKU0090,WH041,2025-01-05,403
SKU0473,WH003,2025-01-16,392
SKU0363,WH011,2025-01-10,757
SKU0307,WH023,2025-02-10,994
SKU0268,WH029,2025-02-22,119
SKU0247,WH044,2025-01-18,376
SKU0455,WH012,2025-01-09,392
SKU0370,WH012,2025-02-19,801
SKU0434,WH014,2025-01-16,822
SKU0375,WH008,2025-02-22,483
SKU0011,WH034,2025-02-10,231
SKU0479,WH039,2025-02-07,292
SKU0490,WH021,2025-01-15,238
SKU0084,WH033,2025-01-08,601
SKU0403,WH045,2025-01-28,422
SKU0044,WH015,2025-01-05,836
SKU0142,WH027,2025-02-20,933
SKU0310,WH007,2025-01-27,577
SKU0258,WH013,2025-01-22,946
SKU0396,WH011,2025-02-14,380
SKU0295,WH023,2025-02-03,584
SKU0467,WH048,2025-01-14,809
SKU0488,WH032,2025-02-25,696
SKU0011,WH018,2025-01-29,341
SKU0318,WH002,2025-01-25,448
SKU0391,WH047,2025-02-19,827
SKU0005,WH033,2025-01-03,444
SKU0200,WH015,2025-02-12,377
SKU0017,WH034,2025-01-03,736
SKU0276,WH026,2025-02-25,101
SKU0244,WH047,2025-02-02,809
SKU0106,WH006,2025-02-28,125
SKU0251,WH023,2025-02-24,628
SKU0409,WH027,2025-01-08,552
SKU0402,WH036,2025-01-28,619
SKU0251,WH032,2025-01-17,753
SKU0144,WH039,2025-01-31,622
SKU0227,WH021,2025-02-11,698
SKU0133,WH013,2025-01-05,990
SKU0480,WH030,2025-01-31,177
SKU0245,WH029,2025-01-20,372
SKU0223,WH031,2025-01-14,495
SKU0233,WH004,2025-01-12,646
SKU0072,WH017,2025-01-13,669
SKU0435,WH020,2025-02-26,548
SKU0290,WH050,2025-02-26,915
SKU0264,WH043,2025-01-13,165
SKU0165,WH043,2025-02-22,678
SKU0056,WH049,2025-01-13,744
SKU0482,WH019,2025-02-17,884
SKU0126,WH023,2025-01-02,875
SKU0061,WH039,2025-01-11,454
SKU0212,WH026,2025-01-30,132
SKU0475,WH032,2025-02-13,808
SKU0261,WH019,2025-01-22,132
SKU0203,WH020,2025-02-15,148
SKU0159,WH033,2025-03-01,695
SKU0455,WH019,2025-01-06,300
SKU0297,WH022,2025-01-28,424
SKU0244,WH005,2025-02-12,348
SKU0307,WH046,2025-02-19,256
SKU0227,WH016,2025-02-24,288
SKU0433,WH048,2025-02-08,140
SKU0411,WH011,2025-01-23,329
SKU0198,WH049,2025-03-01,563
SKU0301,WH043,2025-02-13,815
SKU0227,WH021,2025-02-23,458
SKU0384,WH002,2025-03-02,417
SKU0375,WH017,2025-01-18,322
SKU0142,WH016,2025-02-23,634
SKU0013,WH003,2025-01-26,480
SKU0350,WH017,2025-01-17,643
SKU0130,WH018,2025-01-30,924
SKU0034,WH047,2025-01-05,405
SKU0406,WH020,2025-01-12,503
SKU0225,WH009,2025-02-03,982
SKU0219,WH022,2025-02-09,498
SKU0341,WH039,2025-02-02,837
SKU0211,WH009,2025-02-02,181
SKU0150,WH026,2025-01-07,953
SKU0419,WH036,2025-01-23,452
SKU0214,WH029,2025-01-10,927
SKU0273,WH010,2025-01-25,591
SKU0009,WH001,2025-01-28,532
SKU0399,WH027,2025-01-09,671
SKU0062,WH031,2025-01-09,716
SKU0147,WH001,2025-02-18,617
SKU0058,WH032,2025-02-11,785
SKU0255,WH039,2025-02-18,929
SKU0020,WH043,2025-01-09,436
SKU0221,WH042,2025-02-04,326
SKU0264,WH002,2025-01-26,550
SKU0203,WH048,2025-02-08,138
SKU0228,WH033,2025-02-27,459
SKU0315,WH029,2025-01-19,510
SKU0340,WH035,2025-01-14,771
SKU0090,WH030,2025-02-26,552
SKU0320,WH032,2025-02-19,739
SKU0280,WH011,2025-01-21,280
SKU0090,WH041,2025-02-10,137
SKU0259,WH011,2025-03-02,602
SKU0491,WH021,2025-02-14,239
SKU0219,WH033,2025-02-15,458
SKU0057,WH038,2025-01-04,993
SKU0315,WH002,2025-01-19,436
SKU0396,WH031,2025-02-09,530
SKU0199,WH023,2025-02-14,285
SKU0097,WH037,2025-02-23,786
SKU0348,WH005,2025-01-31,712
SKU0134,WH023,2025-02-19,754
SKU0419,WH049,2025-02-19,172
SKU0002,WH002,2025-01-13,585
SKU0478,WH034,2025-01-11,807
SKU0121,WH039,2025-01-19,447
SKU0158,WH005,2025-02-16,494
SKU0445,WH004,2025-01-29,255
SKU0447,WH049,2025-01-02,814
SKU0061,WH014,2025-02-15,604
SKU0405,WH017,2025-01-19,500
SKU0142,WH032,2025-02-11,115
SKU0231,WH050,2025-01-09,276
SKU0344,WH047,2025-02-17,895
SKU0223,WH026,2025-02-26,292
SKU0071,WH028,2025-02-13,795
SKU0168,WH026,2025-01-29,257
SKU0475,WH017,2025-02-05,907
SKU0211,WH050,2025-02-03,440
SKU0231,WH046,2025-01-23,747
SKU0309,WH043,2025-01-26,179
SKU0174,WH031,2025-01-05,204
SKU0444,WH009,2025-01-24,430
SKU0148,WH003,2025-02-03,829
SKU0378,WH033,2025-01-22,701
SKU0316,WH006,2025-01-06,391
SKU0071,WH031,2025-02-12,346
SKU0172,WH022,2025-01-05,261
SKU0353,WH017,2025-01-01,151
SKU0381,WH038,2025-01-28,387
SKU0158,WH010,2025-01-10,842
SKU0062,WH007,2025-02-04,818
SKU0500,WH020,2025-02-17,273
SKU0439,WH036,2025-01-04,684
SKU0137,WH015,2025-01-04,832
SKU0015,WH011,2025-01-11,207
SKU0418,WH018,2025-01-06,697
SKU0124,WH041,2025-02-22,927
SKU0219,WH038,2025-02-21,590
SKU0338,WH012,2025-02-28,398
SKU0370,WH047,2025-02-01,575
SKU0414,WH046,2025-01-13,946
SKU0063,WH020,2025-02-18,307
SKU0021,WH016,2025-01-25,866
SKU0341,WH028,2025-02-26,791
SKU0453,WH005,2025-02-26,440
SKU0269,WH033,2025-01-19,128
SKU0500,WH042,2025-02-21,303
SKU0497,WH023,2025-02-19,207
SKU0347,WH012,2025-02-13,299
SKU0159,WH004,2025-02-07,752
SKU0489,WH041,2025-01-28,330
SKU0258,WH014,2025-02-05,968
SKU0460,WH030,2025-01-30,222
SKU0120,WH003,2025-02-05,327
SKU0045,WH020,2025-02-14,859
SKU0365,WH012,2025-02-07,423
SKU0017,WH047,2025-02-12,589
SKU0157,WH013,2025-02-18,599
SKU0112,WH025,2025-01-19,278
SKU0066,WH029,2025-02-16,655
SKU0462,WH046,2025-01-16,597
SKU0227,WH049,2025-03-01,291
SKU0139,WH026,2025-02-13,692
SKU0272,WH005,2025-02-15,516
SKU0436,WH022,2025-02-20,687
SKU0220,WH050,2025-01-03,299
SKU0353,WH045,2025-02-04,764
SKU0375,WH012,2025-01-03,718
SKU0359,WH005,2025-01-27,307
SKU0040,WH040,2025-03-01,971
SKU0182,WH027,2025-01-06,921
SKU0343,WH048,2025-01-31,211
SKU0138,WH011,2025-01-09,857
SKU0028,WH011,2025-03-01,274
SKU0362,WH004,2025-01-10,684
SKU0181,WH032,2025-01-19,945
SKU0369,WH044,2025-02-15,761
SKU0029,WH040,2025-01-18,128
SKU0437,WH001,2025-02-12,855
SKU0161,WH007,2025-01-28,905
SKU0410,WH020,2025-02-15,895
SKU0020,WH044,2025-02-22,980
SKU0020,WH006,2025-02-11,386
SKU0067,WH039,2025-03-01,836
SKU0014,WH046,2025-01-31,290
SKU0120,WH006,2025-01-14,841
SKU0390,WH023,2025-01-12,606
SKU0305,WH044,2025-02-11,393
SKU0075,WH020,2025-01-15,453
SKU0350,WH028,2025-02-22,610
SKU0032,WH020,2025-02-18,302
SKU0120,WH005,2025-02-15,725
SKU0064,WH041,2025-02-05,445
SKU0421,WH048,2025-01-24,762
SKU0130,WH013,2025-02-04,892
SKU0041,WH008,2025-01-09,921
SKU0308,WH032,2025-01-16,591
SKU0410,WH011,2025-03-02,779
SKU0167,WH032,2025-01-24,299
SKU0474,WH037,2025-01-24,408
SKU0359,WH048,2025-01-11,709
SKU0148,WH005,2025-02-07,456
SKU0262,WH024,2025-02-13,953
SKU0016,WH045,2025-02-16,415
SKU0396,WH017,2025-02-07,457
SKU0011,WH035,2025-01-06,295
SKU0261,WH017,2025-01-18,299
SKU0063,WH032,2025-01-07,195
SKU0129,WH003,2025-01-08,775
SKU0312,WH035,2025-02-26,686
SKU0002,WH021,2025-02-06,758
SKU0113,WH047,2025-01-16,800
SKU0197,WH019,2025-01-26,484
SKU0152,WH008,2025-01-19,244
SKU0008,WH001,2025-01-20,699
SKU0382,WH002,2025-01-13,854
SKU0088,WH037,2025-02-28,543
SKU0445,WH013,2025-01-27,853
SKU0152,WH006,2025-03-02,771
SKU0349,WH041,2025-01-08,293
SKU0241,WH003,2025-01-28,622
SKU0007,WH033,2025-01-18,705
SKU0014,WH034,2025-01-04,452
SKU0078,WH009,2025-03-02,860
SKU0392,WH048,2025-02-17,183
SKU0095,WH032,2025-02-09,777
SKU0175,WH037,2025-01-18,409
SKU0063,WH027,2025-02-28,768
SKU0417,WH045,2025-01-18,700
SKU0380,WH048,2025-02-01,929
SKU0005,WH033,2025-02-14,171
SKU0381,WH006,2025-02-11,597
SKU0226,WH036,2025-02-04,606
SKU0130,WH049,2025-02-17,716
SKU0118,WH034,2025-01-22,422
SKU0349,WH045,2025-01-18,144
SKU0030,WH026,2025-01-31,523
SKU0360,WH038,2025-01-28,542
SKU0223,WH003,2025-02-05,960
SKU0059,WH022,2025-02-09,933
SKU0016,WH024,2025-01-27,378
SKU0083,WH015,2025-01-31,784
SKU0481,WH026,2025-02-17,688
SKU0131,WH023,2025-01-15,489
SKU0024,WH049,2025-01-17,505
SKU0465,WH029,2025-01-16,705
SKU0380,WH034,2025-01-26,315
SKU0223,WH036,2025-01-29,651
SKU0418,WH040,2025-01-14,851
SKU0180,WH027,2025-01-30,405
SKU0215,WH007,2025-02-22,175
SKU0071,WH026,2025-02-27,978
SKU0280,WH021,2025-02-28,346
SKU0197,WH031,2025-02-06,464
SKU0165,WH020,2025-01-10,221
SKU0284,WH022,2025-02-13,958
SKU0025,WH035,2025-01-15,848
SKU0495,WH026,2025-01-27,792
SKU0226,WH001,2025-01-12,987
SKU0292,WH049,2025-01-16,850
SKU0193,WH033,2025-02-04,495
SKU0177,WH015,2025-01-12,368
SKU0215,WH033,2025-02-09,422
SKU0160,WH015,2025-02-05,368
SKU0181,WH016,2025-02-11,132
SKU0366,WH043,2025-01-12,322
SKU0139,WH001,2025-01-14,538
SKU0064,WH050,2025-02-02,840
SKU0026,WH022,2025-02-02,833
SKU0267,WH011,2025-03-02,324
SKU0235,WH048,2025-01-14,432
SKU0036,WH032,2025-02-17,254
SKU0386,WH043,2025-02-07,118
SKU0380,WH027,2025-01-12,626
SKU0087,WH012,2025-01-11,169
SKU0272,WH035,2025-01-01,487
SKU0004,WH018,2025-01-02,130
SKU0215,WH036,2025-02-12,808
SKU0048,WH020,2025-02-17,784
SKU0160,WH011,2025-02-23,813
SKU0431,WH050,2025-02-06,148
SKU0158,WH018,2025-01-13,151
SKU0029,WH007,2025-02-21,700
SKU0198,WH039,2025-02-24,601
SKU0024,WH037,2025-01-04,698
SKU0365,WH032,2025-01-20,627
SKU0351,WH034,2025-02-16,575
SKU0451,WH013,2025-01-20,928
SKU0230,WH032,2025-02-24,325
SKU0154,WH007,2025-01-02,516
SKU0016,WH050,2025-01-19,475
SKU0036,WH022,2025-01-21,507
SKU0265,WH041,2025-01-28,442
SKU0368,WH002,2025-02-03,897
SKU0277,WH017,2025-02-03,505
SKU0424,WH017,2025-01-07,921
SKU0353,WH049,2025-01-14,481
SKU0259,WH038,2025-02-24,196
SKU0373,WH032,2025-02-15,369
SKU0209,WH009,2025-02-18,449
SKU0195,WH028,2025-01-16,484
SKU0446,WH027,2025-02-08,894
SKU0020,WH047,2025-01-10,769
SKU0482,WH035,2025-02-02,593
SKU0148,WH008,2025-01-11,631
SKU0492,WH022,2025-02-17,746
SKU0423,WH023,2025-02-25,510
SKU0210,WH010,2025-01-24,185
SKU0030,WH035,2025-02-25,958
SKU0169,WH020,2025-01-07,725
SKU0125,WH028,2025-02-01,521
SKU0241,WH010,2025-01-08,124
SKU0034,WH017,2025-01-06,829
SKU0390,WH019,2025-01-30,700
SKU0276,WH018,2025-02-28,905
SKU0303,WH039,2025-01-11,138
SKU0383,WH025,2025-01-11,765
SKU0269,WH016,2025-02-01,515
SKU0071,WH004,2025-02-24,270
SKU0008,WH018,2025-02-13,474
SKU0140,WH007,2025-02-02,435
SKU0337,WH014,2025-02-23,825
SKU0176,WH029,2025-01-18,839
SKU0020,WH034,2025-01-06,622
SKU0478,WH022,2025-02-02,351
SKU0109,WH025,2025-01-06,824
SKU0053,WH005,2025-01-17,886
SKU0250,WH026,2025-01-19,353
SKU0242,WH011,2025-03-01,705
SKU0098,WH016,2025-03-02,909
SKU0475,WH037,2025-02-27,937
SKU0072,WH016,2025-01-07,435
SKU0269,WH048,2025-02-19,926
SKU0402,WH018,2025-01-07,705
SKU0097,WH020,2025-02-07,225
SKU0095,WH046,2025-01-01,219
SKU0346,WH022,2025-02-02,640
SKU0379,WH029,2025-01-23,841
SKU0204,WH033,2025-02-19,165
SKU0372,WH036,2025-02-22,511
SKU0045,WH042,2025-02-18,774
SKU0262,WH027,2025-02-23,196
SKU0209,WH043,2025-02-21,820
SKU0010,WH048,2025-01-31,393
SKU0148,WH010,2025-01-29,107
SKU0159,WH047,2025-02-02,861
SKU0241,WH005,2025-02-21,536
SKU0014,WH035,2025-01-07,112
SKU0204,WH015,2025-02-04,309
SKU0365,WH026,2025-02-24,229
SKU0115,WH001,2025-01-27,117
SKU0136,WH036,2025-01-20,410
SKU0012,WH010,2025-01-08,658
SKU0114,WH039,2025-02-12,176
SKU0008,WH028,2025-01-03,155
SKU0452,WH042,2025-01-02,179
SKU0479,WH034,2025-01-31,457
SKU0428,WH038,2025-01-04,286
SKU0025,WH002,2025-02-03,119
SKU0173,WH018,2025-02-12,180
SKU0006,WH050,2025-02-02,359
SKU0489,WH019,2025-03-01,393
SKU0063,WH047,2025-02-04,261
SKU0262,WH046,2025-01-28,558
SKU0484,WH015,2025-01-02,153
SKU0257,WH023,2025-01-28,946
SKU0257,WH009,2025-01-14,956
SKU0402,WH040,2025-01-12,147
SKU0082,WH041,2025-01-22,627
SKU0036,WH011,2025-02-26,282
SKU0104,WH049,2025-01-30,419
SKU0053,WH042,2025-02-21,305
SKU0020,WH040,2025-01-09,921
SKU0083,WH009,2025-02-04,451
SKU0143,WH040,2025-02-06,227
SKU0301,WH029,2025-02-28,167
SKU0027,WH029,2025-02-23,645
SKU0468,WH002,2025-01-23,187
SKU0242,WH042,2025-02-01,914
SKU0025,WH026,2025-01-30,784
SKU0080,WH003,2025-02-11,175
SKU0372,WH028,2025-01-06,752
SKU0416,WH028,2025-02-21,504
SKU0490,WH042,2025-01-28,358
SKU0236,WH043,2025-02-21,250
SKU0087,WH027,2025-01-02,539
SKU0404,WH001,2025-02-06,719
SKU0378,WH006,2025-02-05,938
SKU0123,WH036,2025-02-02,466
SKU0422,WH004,2025-01-27,309
SKU0223,WH004,2025-01-16,641
SKU0192,WH025,2025-01-30,825
SKU0449,WH006,2025-01-04,265
SKU0199,WH001,2025-01-09,586
